1,-0.675423,0.254208,-0.69223,-0.138002,-0.152846,-0.978567,-0.123152,-0.172641,-0.977256,-0.172932,-0.146772,-0.973937,-0.104466,-0.075922,-0.991626
1,-0.63486,0.182687,-0.750719,-0.300872,-0.088378,-0.949561,-0.137068,-0.138361,-0.980851,-0.108221,-0.152805,-0.982313,0.061007,-0.101093,-0.993005
2,0.315754,-0.453338,-0.833537,-0.380262,0.032718,-0.9243,0.061267,0.000546,-0.998121,-0.247076,-0.774336,0.582543,-0.524802,-0.685697,0.504383
1,-0.384123,0.105662,-0.917216,-0.303328,0.013937,-0.952784,-0.165267,-0.013133,-0.986161,-0.148179,-0.032967,-0.988411,-0.134656,0.007485,-0.990864
0,-0.1171,-0.343189,-0.931938,0.122026,-0.757518,0.641308,-0.170694,-0.634961,0.753451,-0.337226,-0.606605,0.719936,-0.612582,-0.440616,0.656202
1,-0.613544,0.084812,-0.785093,-0.311077,0.028676,-0.949952,-0.119938,-0.027652,-0.992396,-0.067004,-0.025214,-0.997434,-0.046749,-0.011692,-0.998838
1,-0.577912,-0.005596,-0.81608,-0.332183,-0.039776,-0.942376,-0.123012,-0.087812,-0.988513,0.014632,-0.169345,-0.985448,0.133869,-0.146203,-0.980155
2,0.298705,-0.33393,-0.894017,-0.415525,0.024388,-0.909255,-0.099745,-0.031161,-0.994525,-0.246817,-0.804682,0.53997,-0.53405,-0.689588,0.489141
2,-0.149474,-0.438005,-0.886459,-0.344444,0.284267,-0.894735,-0.170521,-0.001607,-0.985353,-0.210653,-0.253366,0.944156,-0.370442,-0.060195,0.926903
1,-0.502,0.087915,-0.860388,-0.367497,0.057249,-0.928261,-0.170805,-0.000168,-0.985305,-0.108291,-0.032571,-0.993586,-0.079968,-0.020423,-0.996588
0,-0.189771,-0.156599,-0.969259,-0.010233,-0.803816,0.59479,-0.18157,-0.700056,0.690618,-0.337858,-0.645156,0.685292,-0.642416,-0.409612,0.647703
1,-0.652458,0.105977,-0.750378,-0.369306,0.055452,-0.927652,-0.0984,-0.038787,-0.994391,0.080916,-0.147771,-0.985706,0.14594,-0.268215,-0.952241
1,-0.632652,0.172345,-0.755016,-0.392765,0.067391,-0.917166,-0.141272,-0.01238,-0.989893,0.041154,-0.132686,-0.990303,0.164581,-0.168023,-0.971947
1,-0.583514,0.093643,-0.806686,-0.411448,0.010713,-0.91137,-0.151063,-0.046508,-0.987429,0.061789,-0.194884,-0.978878,0.15731,-0.294876,-0.942497
2,-0.217605,-0.540672,-0.812602,-0.34658,0.2634,-0.900279,-0.179469,-0.091431,-0.979506,-0.399739,-0.299564,0.866297,-0.568061,-0.196585,0.799163
0,-0.212603,-0.161489,-0.963702,-0.314343,0.034484,-0.948683,-0.131907,-0.853134,0.504741,-0.291175,-0.814354,0.502041,-0.5955,-0.630991,0.497223
2,0.287772,-0.636665,-0.715433,-0.57481,-0.084573,-0.813904,-0.428987,-0.368773,-0.824607,-0.584334,-0.372355,0.721045,-0.785986,-0.077126,0.613415
1,-0.597156,0.160346,-0.785935,-0.410812,-0.081254,-0.908092,-0.167489,-0.148575,-0.974614,-0.034379,-0.175155,-0.98394,0.041131,-0.14334,-0.988818
2,-0.483765,-0.385495,-0.785726,-0.277596,0.279923,-0.919012,-0.116341,-0.080459,-0.989945,-0.490278,-0.389935,0.779473,-0.648009,-0.228031,0.726695
0,-0.316281,-0.175794,-0.932235,0.056895,-0.762192,0.644846,-0.105229,-0.653771,0.74934,-0.254964,-0.638257,0.726375,-0.571761,-0.423965,0.702384
2,-0.214998,-0.736905,-0.640895,-0.325329,0.186925,-0.926941,-0.23043,-0.232601,-0.94488,-0.291063,-0.076358,0.953652,-0.393354,0.025146,0.919043
0,-0.242967,-0.224321,-0.943741,-0.359093,-0.007339,-0.933273,-0.19704,-0.700263,0.686154,-0.37297,-0.649102,0.662993,-0.667658,-0.410141,0.621302
2,-0.232177,-0.644339,-0.728643,-0.018489,-0.556301,0.830775,-0.338446,0.366928,-0.866498,-0.259779,-0.073066,-0.9629,-0.641014,-0.177035,0.746833
1,-0.566279,0.162382,-0.80806,-0.363535,0.030727,-0.931074,-0.185883,-0.023965,-0.98228,-0.190963,-0.001943,-0.981595,-0.146564,0.050891,-0.987891
1,-0.533138,0.051026,-0.844488,-0.40552,0.051014,-0.912662,-0.19356,-0.00567,-0.981072,-0.168892,-0.080971,-0.982303,-0.130705,-0.047655,-0.990275
0,-0.265879,-0.21872,-0.938866,0.158744,-0.73202,0.662531,-0.026339,-0.59481,0.803434,-0.197076,-0.514596,0.834477,-0.466634,-0.332054,0.819752
0,-0.267443,-0.173813,-0.947768,-0.119746,-0.798154,0.590433,-0.166908,-0.703953,0.690356,-0.36053,-0.616355,0.700089,-0.635831,-0.416577,0.649756
0,-0.260418,-0.196204,-0.94535,-0.09012,-0.777163,0.622813,-0.141826,-0.672111,0.726741,-0.335127,-0.595565,0.730063,-0.621263,-0.389446,0.679974
2,-0.202978,-0.671359,-0.712795,-0.368519,0.09478,-0.924776,-0.297786,-0.255772,-0.91973,-0.276649,-0.091477,0.956607,-0.405704,0.172126,0.897651
0,-0.384637,-0.118695,-0.915405,0.03482,-0.898086,0.43844,-0.137134,-0.852177,0.504964,-0.294268,-0.818164,0.493977,-0.587633,-0.627742,0.510517
1,-0.675037,0.184677,-0.714296,-0.350893,0.168403,-0.921149,-0.137969,0.057945,-0.98874,-0.044189,0.001939,-0.999021,-0.011638,-0.024722,-0.999627
0,-0.191964,-0.208954,-0.958899,0.166526,-0.624484,0.763078,-0.000504,-0.491865,0.870671,-0.147719,-0.482126,0.863559,-0.43531,-0.278172,0.856227
0,-0.16646,-0.27751,-0.946192,0.201845,-0.570254,0.796284,0.008217,-0.467919,0.883733,-0.14913,-0.442722,0.88417,-0.449069,-0.256669,0.855838
1,-0.541176,0.11987,-0.832322,-0.286307,0.173858,-0.942232,-0.161297,0.055554,-0.985341,-0.153933,0.047529,-0.986938,-0.10182,-0.004375,-0.994793
0,-0.19296,-0.244531,-0.950248,0.175325,-0.55307,0.814478,0.021598,-0.414345,0.909864,-0.137149,-0.392479,0.909478,-0.406994,-0.215457,0.887656
2,-0.164886,-0.749761,-0.640836,-0.533351,-0.06445,-0.843435,-0.184899,-0.342087,0.921298,-0.557123,-0.070689,-0.827416,-0.365769,0.075445,0.927643
2,-0.308628,-0.663382,-0.68167,-0.344743,0.094196,-0.933959,-0.078323,-0.364209,0.928018,-0.425942,-0.065365,-0.902386,-0.574771,-0.126147,0.808533
2,-0.292358,-0.647791,-0.703487,-0.338414,0.087836,-0.936889,-0.081994,-0.375087,0.923356,-0.413845,-0.078889,-0.906923,-0.642316,-0.169979,0.747354
1,-0.518304,0.062885,-0.852881,-0.274215,0.067882,-0.95927,-0.141634,0.025536,-0.98959,-0.197123,0.032994,-0.979823,-0.176644,0.072717,-0.981585
0,-0.18782,-0.231636,-0.954499,0.169128,-0.518153,0.838399,0.018025,-0.447027,0.894339,-0.150516,-0.414067,0.897716,-0.428966,-0.238847,0.871172
2,-0.281593,-0.647899,-0.707765,-0.342901,0.106473,-0.933318,-0.234633,-0.264182,-0.935497,-0.137098,0.006149,0.990538,-0.251115,0.08561,0.964164
2,-0.338005,-0.598466,-0.726355,-0.345493,0.094323,-0.933669,-0.246434,-0.270837,-0.930547,-0.356052,-0.108869,0.928103,-0.459742,-0.06293,0.88582
1,-0.328121,0.009848,-0.944584,-0.334655,0.0158,-0.942208,-0.245198,-0.018617,-0.969294,-0.283134,-0.009982,-0.959028,-0.240924,0.02868,-0.97012
2,-0.365464,-0.650433,-0.665863,-0.326936,0.201559,-0.923302,-0.225166,-0.158975,-0.961263,-0.908439,-0.216202,0.357765,-0.503875,0.015571,0.863636
0,-0.214685,-0.109803,-0.970492,0.196047,-0.638116,0.744562,0.039107,-0.550109,0.834176,-0.146601,-0.539343,0.829227,-0.417113,-0.349905,0.838799
2,-0.241756,-0.629494,-0.738438,-0.336252,0.123302,-0.933666,-0.272586,-0.258045,-0.926882,-0.484944,-0.050245,0.8731,-0.572715,0.165283,0.802919
2,-0.184479,-0.749249,-0.636076,-0.363772,0.124802,-0.92309,-0.218964,-0.28061,-0.934512,-0.239725,-0.041478,0.969954,-0.348087,0.121977,0.929493
0,-0.244476,-0.266569,-0.932294,0.009474,-0.718865,0.695085,-0.041396,-0.548565,0.835083,-0.189255,-0.5111,0.838427,-0.420467,-0.342966,0.839989
1,-0.539618,0.074358,-0.83862,-0.291017,0.200451,-0.935483,-0.153293,0.115971,-0.981352,-0.142014,0.097346,-0.985066,-0.031086,0.006566,-0.999495
1,-0.554642,-0.064394,-0.829594,-0.254571,0.164403,-0.952977,-0.137036,0.059197,-0.988796,-0.138797,-0.035184,-0.989696,-0.13925,-0.239714,-0.960805
2,-0.124364,-0.829105,-0.545086,-0.174168,0.234265,-0.956444,-0.07279,-0.078265,-0.994272,-0.07226,0.153656,0.985479,-0.226989,0.222455,0.948151
2,-0.168138,-0.819005,-0.548598,-0.355856,0.218007,-0.908757,-0.217557,-0.168429,-0.961405,-0.165378,0.091401,0.981986,-0.335933,0.278174,0.899871
1,-0.450557,-0.064606,-0.890407,-0.378161,0.181247,-0.907824,-0.214384,0.120747,-0.969257,-0.300811,-0.517827,-0.800855,-0.281075,-0.472462,-0.83533
1,-0.533951,-0.062455,-0.843206,-0.291924,0.138762,-0.946322,-0.161334,0.070356,-0.984389,-0.024442,-0.085626,-0.996028,-0.031259,-0.137973,-0.989943
0,-0.19133,-0.320327,-0.927784,-0.063202,-0.883309,0.464512,-0.243675,-0.807141,0.537723,-0.372833,-0.745007,0.553137,-0.581442,-0.611769,0.536343
0,-0.144716,-0.291578,-0.945536,-0.018648,-0.858439,0.512577,-0.213866,-0.819792,0.531227,-0.350088,-0.767689,0.536742,-0.580179,-0.636716,0.507922
0,-0.138436,-0.364833,-0.920724,0.095327,-0.842413,0.530332,-0.118436,-0.818394,0.562321,-0.256892,-0.791327,0.554804,-0.485051,-0.700247,0.523812
1,-0.521179,0.031715,-0.852858,-0.310899,0.148974,-0.938695,-0.163962,0.05135,-0.985129,-0.063025,0.037601,-0.997303,0.026622,-0.087179,-0.995837
1,-0.544826,-0.048967,-0.837118,-0.289803,0.109145,-0.950843,-0.149682,-0.004928,-0.988722,-0.056739,-0.052044,-0.997032,-0.016194,-0.181431,-0.98327
0,-0.222094,-0.189997,-0.956334,-0.166534,-0.852165,0.496066,-0.27855,-0.751098,0.59855,-0.421676,-0.707765,0.566797,-0.694336,-0.494426,0.522915
1,-0.60509,0.080543,-0.792072,-0.264911,0.172236,-0.948766,-0.108037,0.061728,-0.992229,-0.025209,0.064442,-0.997603,0.066481,-0.046351,-0.99671
2,-0.389109,-0.624501,-0.677194,-0.287561,0.085865,-0.953906,-0.230207,-0.287958,-0.929562,-0.4239,-0.04486,0.904597,-0.543846,0.214232,0.811379
0,-0.193667,-0.172137,-0.965848,0.247362,-0.847462,0.469703,0.069184,-0.7945,0.603311,0.057556,-0.638015,0.76787,-0.110518,-0.601094,0.791499
2,0.26778,0.829291,-0.490479,-0.077236,0.247473,-0.965811,-0.001929,0.126852,-0.99192,-0.30993,0.058634,-0.94895,-0.872673,-0.211951,0.439908
2,-0.18556,-0.801032,-0.569136,-0.295724,0.152577,-0.94301,-0.126348,-0.263539,-0.956339,-0.735325,-0.229422,0.637702,-0.860179,-0.062924,0.506095
0,-0.157045,-0.284148,-0.945831,0.211679,-0.577866,0.788203,0.05386,-0.446714,0.893054,-0.170484,-0.424614,0.889178,-0.451769,-0.234318,0.860813
2,0.51031,-0.636003,-0.578864,-0.185247,-0.730016,0.657845,-0.591309,-0.805982,0.027304,-0.346535,-0.176897,0.921206,-0.554922,-0.002669,0.831898
0,-0.636964,0.117115,-0.761945,-0.503452,-0.526329,0.685211,-0.574187,-0.353694,0.738384,-0.704921,-0.257683,0.660823,-0.816542,-0.009168,0.577213
0,-0.648444,0.209327,-0.731917,-0.522281,-0.521327,0.674863,-0.580837,-0.376395,0.721772,-0.663626,-0.245353,0.706684,-0.779948,0.07441,0.621405
2,-0.064649,-0.769144,-0.635797,-0.322175,0.153547,-0.934145,-0.102643,-0.271191,-0.957037,-0.279111,-0.064009,0.958123,-0.392803,0.047692,0.918385
0,-0.535523,-0.093766,-0.839299,-0.496627,-0.577891,0.647614,-0.559347,-0.431315,0.707883,-0.653726,-0.33671,0.677694,-0.783591,-0.082837,0.61573
2,-0.155554,-0.772761,-0.615341,-0.393521,0.189518,-0.899569,-0.185838,-0.249871,-0.950278,-0.549813,-0.143172,0.822926,-0.676921,-0.004859,0.73604
2,-0.162107,-0.747326,-0.64438,-0.327733,0.18754,-0.92597,-0.176184,-0.267547,-0.9473,-0.227198,-0.021465,0.973612,-0.35063,0.068359,0.934016
1,-0.48836,-0.018708,-0.872442,-0.353309,0.155441,-0.922502,-0.174246,0.068448,-0.98232,-0.084698,0.010477,-0.996352,-0.004653,-0.052151,-0.998628
2,-0.644686,-0.156518,-0.748252,-0.343335,0.117986,-0.931773,-0.197758,-0.204869,-0.958603,-0.649719,-0.202914,0.732592,-0.785028,-0.042451,0.618004
0,-0.614564,-0.010974,-0.788791,-0.224161,-0.028576,-0.974133,-0.645729,-0.607052,0.463166,-0.731144,-0.499694,0.464473,-0.876768,-0.325434,0.354078
1,-0.565608,0.087896,-0.819977,-0.299484,0.2163,-0.92926,-0.11547,0.166571,-0.979245,-0.096973,0.080956,-0.991989,-0.07742,0.00003,-0.996999
0,-0.175302,-0.311468,-0.933947,-0.068847,-0.628116,0.775068,-0.206811,-0.501148,0.840286,-0.37997,-0.415813,0.82627,-0.59421,-0.19436,0.780474
2,-0.129459,-0.831922,-0.53958,-0.313103,0.128701,-0.940958,-0.207353,-0.296608,-0.932217,-0.119594,0.096628,0.988109,-0.224983,0.197684,0.954098
0,-0.664772,0.062743,-0.744407,-0.428102,-0.592231,0.682636,-0.488382,-0.45415,0.745138,-0.422673,-0.263304,0.86719,-0.570831,0.004494,0.821055
2,-0.123598,-0.626861,-0.769265,-0.378968,0.271032,-0.884831,-0.140719,-0.121591,-0.982555,-0.272172,-0.161476,0.948603,-0.438053,0.006879,0.898923
0,-0.077874,-0.404672,-0.91114,0.078514,-0.56798,0.819289,-0.128698,-0.482209,0.866551,-0.285377,-0.39003,0.875464,-0.526764,-0.262192,0.808563
0,-0.13435,-0.385185,-0.913007,-0.123329,-0.846745,0.517506,-0.318964,-0.737889,0.594795,-0.475821,-0.685631,0.550913,-0.691045,-0.52096,0.501056
1,-0.502831,0.16736,-0.848028,-0.156067,0.128802,-0.979313,-0.092678,0.05897,-0.993948,-0.06261,0.05222,-0.996671,-0.066721,0.108302,-0.991877
2,0.218448,-0.588407,-0.778497,-0.345687,0.20226,-0.916292,0.064163,0.00373,-0.997932,-0.224065,-0.475058,0.850949,-0.376362,-0.426163,0.82264
1,-0.269371,0.045938,-0.96194,-0.050924,0.111936,-0.99241,-0.067931,0.069572,-0.995261,-0.141588,0.02284,-0.989662,-0.160327,0.010107,-0.987012
0,-0.35146,-0.071442,-0.933473,-0.393576,-0.750169,0.531361,-0.525325,-0.619775,0.583021,-0.615886,-0.500754,0.608218,-0.785947,-0.219413,0.578052
0,-0.478951,-0.218831,-0.850129,-0.179264,-0.45316,0.873218,-0.277705,-0.30032,0.912517,-0.367497,-0.143491,0.918888,-0.493063,0.174214,0.852372
0,-0.383168,-0.331402,-0.86218,-0.253611,-0.485438,0.836679,-0.309162,-0.33725,0.889202,-0.449715,-0.214678,0.866989,-0.618365,0.061902,0.783449
2,-0.095999,-0.634698,-0.766774,-0.202126,0.120307,-0.971942,-0.204384,-0.237854,-0.949554,-0.34628,-0.092932,0.933517,-0.401575,-0.028218,0.915391
1,-0.47115,0.28,-0.836432,-0.182122,0.094165,-0.978757,-0.12495,-0.025516,-0.991835,-0.087248,-0.142362,-0.985962,-0.083739,-0.14406,-0.98602
0,-0.187126,-0.151871,-0.970525,-0.122807,-0.632562,0.764712,-0.268298,-0.519846,0.811034,-0.394174,-0.412447,0.821288,-0.5463,-0.27517,0.791099
1,-0.443786,0.235723,-0.864574,-0.168836,0.026224,-0.985295,-0.05774,-0.05676,-0.996717,-0.058522,-0.179538,-0.982009,-0.056277,-0.224287,-0.972897
0,-0.173039,-0.109031,-0.978862,0.133809,-0.759032,0.637154,-0.099605,-0.677826,0.728444,-0.293819,-0.63181,0.717277,-0.554947,-0.466881,0.688518
1,-0.405915,0.160681,-0.899675,-0.20706,0.011674,-0.978259,-0.070425,-0.027325,-0.997143,-0.0698,-0.028269,-0.99716,-0.041012,-0.034121,-0.998576
1,-0.267498,-0.03385,-0.962964,-0.187913,-0.004049,-0.982177,-0.057547,0.088203,-0.994439,-0.041763,0.112358,-0.99279,-0.031218,0.163906,-0.985982
2,-0.462072,-0.567869,-0.681186,-0.207134,0.210831,-0.955325,-0.133256,-0.172699,-0.975919,-0.374451,-0.02178,0.926991,-0.491115,0.074378,0.867913
0,-0.514726,-0.081505,-0.853472,-0.167208,-0.647579,0.743427,-0.309027,-0.555618,0.771875,-0.467285,-0.525814,0.710749,-0.6925,-0.278709,0.665406
1,-0.34703,0.022363,-0.937587,-0.168561,0.001004,-0.985691,-0.054913,-0.032178,-0.997972,-0.111015,-0.076007,-0.990908,-0.113543,-0.087019,-0.989715
0,-0.160076,-0.363347,-0.917799,0.062558,-0.442931,0.89437,-0.074136,-0.287192,0.955,-0.223702,-0.203598,0.953156,-0.423869,-0.003351,0.905718
0,-0.030064,-0.448136,-0.89346,0.247463,-0.124643,0.960847,0.133363,-0.103932,0.985603,-0.129954,-0.424691,0.895963,-0.401193,-0.334711,0.85265
2,-0.152181,-0.834159,-0.530114,-0.303101,0.116555,-0.945804,-0.201718,-0.25283,-0.946249,-0.414374,-0.002731,0.910102,-0.588165,0.217245,0.779016
0,-0.321326,-0.439864,-0.838612,-0.192423,-0.586733,0.786586,-0.360104,-0.433354,0.826154,-0.431644,-0.324061,0.841824,-0.656137,-0.043131,0.753408
0,0.097556,-0.526479,-0.844573,0.098347,-0.579424,0.809071,-0.163634,-0.537358,0.827327,-0.314838,-0.541484,0.779533,-0.617967,-0.398253,0.677873
2,-0.119144,-0.644793,-0.755014,-0.35355,0.044218,-0.93437,-0.126324,-0.194535,-0.972727,-0.377874,0.019408,0.925654,-0.496543,0.115946,0.860233
1,-0.2555,0.054731,-0.965259,-0.153791,-0.158103,-0.975373,-0.111897,-0.270801,-0.95611,-0.447629,-0.86803,-0.214828,-0.618161,-0.748208,-0.240961
0,-0.100697,-0.300441,-0.94847,0.025813,-0.596143,0.802463,-0.079168,-0.448884,0.890076,-0.228289,-0.39144,0.891437,-0.497609,-0.225584,0.837555
1,-0.423353,0.236852,-0.874456,-0.469286,-0.7177,-0.514468,-0.54286,-0.671474,-0.504407,-0.585029,-0.612266,-0.531857,-0.711339,-0.491535,-0.502385
1,-0.216551,0.058844,-0.974496,-0.090885,-0.452853,-0.886941,-0.024242,-0.384786,-0.922687,-0.085886,-0.337286,-0.937476,-0.133791,-0.262752,-0.955542
0,-0.011741,-0.251741,-0.967723,0.01603,-0.726241,0.687253,-0.154392,-0.533233,0.831761,-0.296905,-0.498346,0.814555,-0.580474,-0.32898,0.744864
1,-0.393179,0.286564,-0.873666,-0.128444,-0.990246,-0.054,-0.293765,-0.955871,-0.003482,-0.372653,-0.927752,0.02014,-0.52147,-0.847314,-0.100633
2,-0.028015,-0.84081,-0.540604,-0.234717,-0.641118,-0.730668,-0.807365,-0.431179,0.402798,-0.532803,0.127749,0.836541,-0.916077,-0.400152,-0.026103
0,-0.468315,-0.137002,-0.872875,-0.521215,0.086513,-0.849029,-0.360118,-0.672572,0.6465,-0.499518,-0.58006,0.643437,-0.73425,-0.354257,0.57912
1,-0.282748,0.159346,-0.945866,-0.213554,0.007935,-0.976899,-0.102458,-0.014938,-0.994625,-0.089424,-0.031974,-0.99548,-0.035052,0.013577,-0.999293
0,-0.106257,-0.237638,-0.965525,-0.043102,-0.579953,0.813509,-0.203731,-0.44425,0.872431,-0.372344,-0.388178,0.843017,-0.563374,-0.221457,0.795969
1,-0.392908,0.143215,-0.908357,-0.229908,0.101695,-0.967884,-0.061608,0.046846,-0.997,0.031438,-0.001445,-0.999505,0.10824,-0.108158,-0.988224
1,-0.149214,-0.084141,-0.985219,-0.212779,0.153482,-0.964971,-0.030521,0.202712,-0.978763,0.041693,0.161636,-0.985969,0.177866,0.143635,-0.973516
2,0.228449,-0.838808,-0.494178,-0.097572,-0.459474,-0.882816,-0.532598,-0.170506,0.829016,-0.505653,0.091249,0.857898,-0.490854,0.168035,0.854884
2,-0.347262,-0.525813,-0.776485,-0.198819,0.121739,-0.972446,-0.003717,-0.098535,-0.995127,-0.327878,-0.039522,0.943893,-0.543515,0.155764,0.82482
1,-0.138599,0.016888,-0.990205,-0.105036,0.119405,-0.987274,-0.036236,0.04743,-0.998217,-0.110094,0.030258,-0.993461,-0.106542,0.040862,-0.993468
2,-0.407862,-0.454909,-0.791648,-0.227956,-0.469786,0.85284,0.012764,-0.04883,-0.998726,-0.205896,-0.065874,0.976354,-0.3875,-0.005985,0.92185
2,-0.140917,-0.606025,-0.782864,-0.200559,0.136034,-0.970191,-0.016328,0.000194,-0.999867,-0.475446,-0.239134,0.846621,-0.599965,-0.157097,0.78445
1,-0.218917,0.255528,-0.94169,-0.144271,0.080047,-0.986295,-0.104462,0.033397,-0.993968,-0.432214,-0.449147,-0.781957,-0.51437,-0.375634,-0.770923
0,0.000052,-0.247285,-0.968943,-0.127681,-0.587747,0.798906,-0.17917,-0.468773,0.864957,-0.347418,-0.388886,0.853269,-0.60158,-0.198389,0.773785
0,-0.430396,-0.178234,-0.884868,-0.069969,-0.413566,0.907781,-0.11138,-0.308696,0.944617,-0.205489,-0.164571,0.964723,-0.312529,0.155834,0.937039
2,-0.151867,-0.661173,-0.734702,-0.331047,-0.028656,-0.943179,-0.13302,-0.234594,-0.962949,-0.320529,0.011775,0.947166,-0.434733,0.070379,0.897805
2,0.053858,-0.332289,-0.941639,-0.139525,0.208595,-0.967998,-0.190725,0.073225,-0.978909,-0.604359,-0.793842,0.067569,-0.620303,-0.433188,0.65389
0,-0.084935,-0.218189,-0.972203,-0.156751,0.13228,-0.97874,-0.250268,-0.588065,0.76912,-0.423915,-0.511149,0.747678,-0.636698,-0.281509,0.717892
0,0.128638,-0.339599,-0.931732,-0.070634,-0.011727,-0.997433,-0.222286,-0.690054,0.688777,-0.400993,-0.646318,0.649213,-0.661487,-0.484709,0.57227
1,-0.272863,0.501669,-0.820898,-0.448745,-0.104468,-0.887533,-0.300836,-0.117611,-0.946396,-0.191764,-0.206804,-0.959405,-0.217473,-0.291929,-0.931388
2,-0.404577,-0.405734,-0.819571,-0.188461,0.255224,-0.948337,-0.175814,-0.09176,-0.980137,-0.453743,-0.114295,0.883773,-0.57017,0.080009,0.817621
0,-0.228762,-0.297502,-0.926909,-0.39017,0.109249,-0.914238,-0.332886,-0.494626,0.802827,-0.481831,-0.370928,0.793884,-0.615991,-0.088457,0.782771
2,-0.125355,-0.664329,-0.736853,-0.331766,0.006575,-0.943339,-0.193684,-0.223,-0.955384,-0.429326,-0.09636,0.897994,-0.396955,0.006923,0.917812
0,-0.485753,-0.22563,-0.844473,-0.145169,-0.469471,0.870932,-0.20475,-0.295092,0.933273,-0.294671,-0.146896,0.944241,-0.426256,0.084962,0.900604
0,-0.462117,-0.291337,-0.837598,0.014282,-0.684169,0.729184,-0.066121,-0.574001,0.816181,-0.283906,-0.501558,0.817213,-0.414629,-0.409318,0.812737
0,-0.110169,-0.476825,-0.872067,0.365905,-0.348107,0.863096,0.282998,-0.31618,0.905507,-0.107671,-0.528627,0.841998,-0.288612,-0.497774,0.817878
1,-0.094169,0.122917,-0.987939,-0.19608,-0.026764,-0.980223,-0.092657,-0.05138,-0.994372,-0.03191,-0.085328,-0.995842,0.056616,-0.120547,-0.991092
1,-0.117062,-0.130282,-0.984542,-0.159894,0.133647,-0.978045,-0.009573,0.063505,-0.997936,0.012845,-0.02251,-0.999664,0.013634,-0.031275,-0.999418
1,-0.212197,-0.141147,-0.96698,-0.108619,0.183988,-0.976909,-0.033064,0.028532,-0.999046,-0.056518,-0.177789,-0.982444,-0.095129,-0.169289,-0.980965
0,-0.302573,-0.031997,-0.952589,-0.880738,-0.447513,-0.155026,-0.947309,-0.28308,-0.149907,-0.520447,-0.390659,0.75929,-0.62265,-0.214819,0.752436
2,-0.152419,-0.615333,-0.773391,-0.800165,-0.460936,-0.383764,-0.245671,-0.269284,-0.931199,-0.468716,0.047812,0.882054,-0.597143,0.244905,0.763833
1,-0.209746,0.14871,-0.966381,-0.218441,0.041495,-0.974968,-0.095828,-0.061418,-0.993501,-0.621565,-0.50414,-0.599583,-0.720684,-0.383059,-0.577823
0,-0.178556,-0.176307,-0.968005,0.001528,0.176282,-0.984339,-0.594246,-0.668659,0.446952,-0.686026,-0.581564,0.437209,-0.794275,-0.466141,0.389666
0,-0.547318,-0.064565,-0.83443,-0.055521,0.275291,-0.959756,-0.546543,-0.361204,0.755528,-0.625329,-0.233598,0.744578,-0.694322,-0.055067,0.717555
1,-0.41997,0.110468,-0.900789,-0.187478,0.043593,-0.981301,-0.110357,-0.043605,-0.992935,-0.03755,-0.121833,-0.99184,-0.033895,-0.167061,-0.985364
1,-0.277441,-0.005297,-0.960728,-0.215829,0.207462,-0.954137,-0.05216,0.118819,-0.991545,0.017092,0.075645,-0.996988,0.129775,0.034307,-0.99095
2,-0.179915,-0.72321,-0.666782,-0.318458,0.094355,-0.943229,-0.252597,-0.113157,-0.960932,-0.373308,-0.07439,0.92472,-0.63089,-0.009537,0.775813
0,-0.645818,0.299426,-0.702327,-0.341348,0.523212,-0.780853,-0.895036,0.183222,0.406621,-0.909898,0.332778,0.247676,-0.849739,0.511592,0.127346
2,-0.054183,0.524976,-0.84939,-0.137181,0.276945,-0.951043,0.060989,-0.282,0.957474,-0.328753,-0.39957,-0.855725,-0.290485,0.004488,0.956869
1,-0.294747,0.080013,-0.95222,-0.225518,0.061787,-0.972278,-0.05413,-0.039436,-0.997755,-0.004593,-0.01073,-0.999932,0.04555,-0.053677,-0.997519
0,-0.297135,-0.190805,-0.935577,-0.283162,-0.322996,0.903046,-0.26197,-0.193253,0.945529,-0.933509,-0.30004,0.19631,-0.959023,-0.094782,0.267004
2,-0.229393,-0.553971,-0.800309,-0.422299,-0.110303,-0.89972,-0.251469,-0.319413,-0.91364,-0.12941,0.053716,0.990135,-0.274036,0.115182,0.954797
0,-0.375652,-0.209479,-0.902776,-0.101941,-0.485969,0.86801,-0.204489,-0.280635,0.937778,-0.364036,-0.178613,0.914098,-0.501424,0.057257,0.863305
0,-0.309609,-0.373249,-0.874544,0.05304,-0.378716,0.923992,-0.095422,-0.199775,0.975184,-0.649506,-0.245608,0.719597,-0.768603,0.04373,0.63823
1,-0.434928,0.026148,-0.900086,-0.222203,0.08635,-0.971169,-0.091848,-0.036624,-0.995099,-0.031467,-0.074313,-0.996738,0.020372,-0.127199,-0.991668
0,-0.315053,-0.15351,-0.936577,0.246876,0.471207,-0.846768,-0.536732,-0.315494,0.782548,-0.628162,-0.152542,0.762983,-0.715801,0.167307,0.677966
1,-0.394069,0.059003,-0.917185,-0.184792,0.067158,-0.98048,0.038732,-0.030747,-0.998776,0.094845,-0.057323,-0.99384,0.230808,-0.086716,-0.969128
0,-0.175617,-0.167802,-0.970052,-0.158766,-0.522601,0.837665,-0.211523,-0.424748,0.880254,-0.33846,-0.337253,0.878468,-0.548563,-0.045549,0.834867
0,0.072013,-0.177051,-0.981564,0.063084,-0.596864,0.799858,-0.095229,-0.54522,0.832867,-0.285686,-0.509384,0.811734,-0.566416,-0.352796,0.744787
2,0.316012,-0.435331,-0.842985,-0.048911,-0.669175,0.741494,-0.172021,-0.527139,0.832186,-0.511003,-0.602621,0.612963,-0.691426,-0.278711,0.666521
2,0.022102,-0.555967,-0.83091,-0.07444,0.114683,-0.990609,0.016366,-0.066222,-0.997671,-0.412201,-0.38278,0.826783,-0.588455,-0.20016,0.783362
1,-0.243654,0.209511,-0.946962,-0.213198,0.193311,-0.957694,-0.077118,0.010177,-0.99697,-0.571061,-0.471355,-0.672097,-0.687396,-0.337099,-0.643312
2,-0.098175,-0.701856,-0.705521,-0.241037,0.114392,-0.963751,-0.209411,-0.190702,-0.959052,-0.704219,-0.163007,0.691016,-0.745726,-0.039776,0.665065
0,-0.351025,-0.109569,-0.929933,-0.25703,0.189907,-0.94756,-0.35386,-0.404036,0.843527,-0.444253,-0.271638,0.853728,-0.579277,0.098621,0.809143
2,-0.035511,-0.839291,-0.542521,-0.398611,-0.293965,-0.868731,-0.351013,-0.203101,-0.914079,-0.303506,0.078175,0.949617,-0.435813,0.2405,0.86731
0,-0.403362,-0.270957,-0.874003,-0.435655,-0.496567,0.75075,-0.515893,-0.316112,0.796196,-0.37879,-0.118884,0.917815,-0.495002,0.207205,0.843824
1,-0.286974,0.246186,-0.925764,-0.102422,-0.099647,-0.989737,-0.090357,-0.086817,-0.992118,-0.148488,-0.020364,-0.988705,-0.067886,0.035927,-0.997046
0,-0.204071,-0.208913,-0.956405,-0.384369,-0.600876,0.700863,-0.507142,-0.371875,0.777507,-0.652146,-0.277979,0.705289,-0.736693,0.054815,0.674002
2,-0.078382,-0.676573,-0.732192,-0.385526,-0.377176,0.842086,-0.267864,-0.214593,-0.939254,-0.306672,0.074441,0.9489,-0.414866,0.322603,0.850772
2,-0.18367,-0.621885,-0.761265,-0.134617,0.220466,-0.966061,-0.089733,-0.08826,-0.992047,-0.325393,-0.127584,0.936932,-0.412524,-0.055577,0.90925
2,0.090128,-0.577502,-0.811399,-0.119492,0.169791,-0.978209,0.0661,-0.033162,-0.997262,-0.154478,-0.158905,0.975134,-0.287301,-0.102506,0.952339
2,-0.154947,-0.71327,-0.683548,0.02526,0.037094,-0.998993,-0.092997,-0.151052,-0.984142,-0.208203,0.104284,0.97251,-0.338358,0.302292,0.891142
2,0.26189,-0.656164,-0.707716,-0.040838,0.167934,-0.984952,0.160281,-0.055069,-0.985534,-0.425653,-0.323949,0.844912,-0.611332,-0.10734,0.784061
2,-0.367576,-0.690716,-0.622736,-0.012872,0.115216,-0.993257,-0.389738,-0.181036,-0.902956,-0.111283,0.192255,0.975015,-0.207172,0.443873,0.871812
2,0.25684,-0.634085,-0.729362,-0.171333,0.193311,-0.966062,0.13966,-0.058433,-0.988474,-0.39588,-0.312717,0.863416,-0.521811,-0.228507,0.821887
2,-0.80095,0.156771,-0.577843,-0.246426,0.016594,-0.969019,-0.344483,0.18794,-0.919788,0.427411,0.143678,0.892568,0.456046,0.231492,0.859321
2,0.150194,-0.641195,-0.752536,-0.114348,0.137392,-0.983894,0.097013,-0.079343,-0.992115,-0.306245,-0.220552,0.926051,-0.396813,-0.206394,0.894394
0,-0.536623,-0.054614,-0.842053,-0.458521,0.229665,-0.858494,-0.39855,0.158428,-0.903359,-0.751338,-0.28094,0.597129,-0.818166,-0.164626,0.550911
1,-0.305546,0.289235,-0.907185,-0.191014,0.094454,-0.977032,-0.056973,-0.048329,-0.997205,-0.006279,-0.056339,-0.998392,0.029569,-0.137572,-0.99005
1,-0.280229,-0.029649,-0.959475,-0.191084,0.211377,-0.958544,0.036288,0.187858,-0.981526,0.106327,0.144682,-0.983749,0.207125,0.054899,-0.976773
1,-0.480462,0.066167,-0.874516,-0.169414,0.287261,-0.942751,-0.012091,0.111167,-0.993728,0.018781,-0.005226,-0.99981,-0.019612,-0.154629,-0.987778
0,-0.186619,-0.26451,-0.946154,-0.753023,-0.629447,-0.191709,-0.267037,-0.520209,0.811217,-0.380299,-0.399775,0.833998,-0.534421,-0.132484,0.834771
1,-0.460544,0.115071,-0.880147,-0.263082,0.131989,-0.955702,-0.054004,0.021366,-0.998312,0.06724,-0.028241,-0.997337,0.11852,-0.089103,-0.988946
1,-0.394336,-0.160445,-0.904852,-0.215482,0.242274,-0.945976,0.02139,0.195753,-0.98042,0.127517,0.167501,-0.97759,0.219036,0.063489,-0.973649
2,-0.200946,-0.690097,-0.69526,-0.204439,-0.377081,0.903335,-0.313765,-0.084691,-0.945716,-0.362909,-0.024226,0.93151,-0.813338,-0.161102,0.559042
0,-0.502821,0.005493,-0.864373,-0.356065,0.468214,-0.808698,-0.214617,-0.453623,0.864966,-0.252586,-0.329228,0.90984,-0.292848,-0.140717,0.945748
1,-0.319914,0.250765,-0.913658,-0.178395,0.119954,-0.97662,-0.02035,0.096159,-0.995158,0.004999,0.110501,-0.993863,0.150835,0.034081,-0.987971
2,-0.09649,-0.831844,-0.546558,-0.325629,-0.302171,-0.895912,-0.263972,0.120817,0.956934,-0.332617,0.238042,0.912525,-0.734147,0.177832,0.65529
2,-0.330356,-0.517731,-0.789189,-0.293011,0.173162,-0.940297,-0.151312,0.028409,-0.988078,-0.30118,-0.100828,0.948222,-0.399338,-0.007385,0.916774
0,-0.315548,-0.142077,-0.938213,-0.570731,-0.528234,0.628677,-0.574507,-0.35183,0.739025,-0.700004,-0.197675,0.686235,-0.739267,0.114827,0.66355
0,-0.185961,-0.393784,-0.900196,-0.336053,-0.608741,0.718682,-0.450656,-0.460005,0.765052,-0.576114,-0.336266,0.744995,-0.679994,-0.157158,0.716177
2,-0.140359,-0.671561,-0.727534,-0.386335,0.018067,-0.922182,-0.188883,-0.225448,-0.95577,-0.22726,0.011317,0.973768,-0.294541,0.091233,0.951274
0,-0.426794,-0.189332,-0.884308,-0.129152,-0.427828,0.894585,-0.245423,-0.277954,0.928714,-0.361888,-0.121904,0.924217,-0.493667,0.218657,0.841713
1,-0.521406,0.266405,-0.810657,-0.124596,0.314284,-0.941117,-0.008144,0.178071,-0.983984,0.020155,0.088859,-0.99584,-0.050989,-0.026493,-0.998348
1,-0.601083,0.240922,-0.762008,-0.108726,0.310613,-0.944298,-0.014817,0.169221,-0.985467,0.053021,0.071343,-0.996042,0.032105,0.034952,-0.998873
2,-0.326316,-0.488486,-0.809258,-0.691376,-0.596492,0.407671,-0.538857,-0.270636,-0.79774,-0.785738,-0.329201,0.523681,-0.664128,-0.121187,0.737732
1,-0.490923,0.456202,-0.742209,-0.264598,0.321017,-0.90936,-0.183371,0.166419,-0.968855,-0.665425,-0.332979,-0.668082,-0.748841,-0.216787,-0.626291
1,-0.61481,0.208402,-0.760643,-0.189435,0.327958,-0.925504,-0.112326,0.193666,-0.974616,-0.059882,0.14193,-0.988064,-0.07121,0.05305,-0.99605
1,-0.526931,-0.037363,-0.849086,-0.12985,0.301023,-0.944735,-0.010799,0.224684,-0.974372,0.028882,0.177645,-0.983671,0.033217,0.048067,-0.998292
1,-0.425448,-0.105251,-0.898841,-0.144384,0.298062,-0.943564,0.002196,0.269657,-0.962954,0.021011,0.216486,-0.97606,0.112865,0.142543,-0.983333
0,-0.420427,0.154124,-0.89414,-0.722742,-0.657063,0.214269,-0.799484,-0.531823,0.279266,-0.892758,-0.430821,-0.131822,-0.949123,-0.245823,-0.196818
1,-0.602916,0.236182,-0.762043,-0.211246,0.304748,-0.928711,0.028725,0.109132,-0.993612,0.107342,0.083585,-0.990702,0.232833,-0.057745,-0.970801
1,-0.469108,-0.077644,-0.879721,-0.145876,0.286579,-0.946886,0.082962,0.224895,-0.970845,0.099043,0.21433,-0.971727,0.227179,0.142847,-0.96332
0,-0.396221,-0.09024,-0.91371,-0.180354,-0.621638,0.762259,-0.245305,-0.416034,0.875637,-0.326844,-0.268379,0.906171,-0.402284,0.006731,0.91549
1,-0.61228,0.158502,-0.774591,-0.209297,0.258983,-0.942933,-0.034985,0.162374,-0.986109,0.128074,0.072652,-0.9891,0.197701,-0.008498,-0.980226
0,-0.069865,-0.311125,-0.947797,-0.236164,-0.651602,0.720862,-0.383947,-0.545244,0.74518,-0.521443,-0.448573,0.725864,-0.73575,-0.209959,0.643885
1,-0.350192,0.101221,-0.931193,-0.147578,0.081671,-0.985673,-0.054176,-0.000752,-0.998531,-0.06363,-0.00476,-0.997962,-0.024568,0.014449,-0.999594
0,-0.792327,-0.123428,-0.597481,-0.064706,-0.885803,-0.459528,0.361538,-0.932335,-0.006482,0.367829,-0.877879,-0.306644,0.415054,-0.736741,-0.533801
0,-0.608026,-0.289836,-0.73912,0.278713,-0.847382,0.451954,0.448361,-0.53884,0.713179,0.588056,-0.47311,0.656016,0.807134,-0.412012,0.422825
0,-0.918733,0.157031,-0.362313,-0.088032,-0.927387,0.363598,0.330542,-0.731575,0.596271,0.434852,-0.746694,0.50334,0.588946,-0.784838,0.1928
0,-0.794017,0.487088,-0.363708,0.161215,-0.698156,0.697559,0.261742,-0.830171,0.492247,0.415209,-0.803598,0.426417,0.452779,-0.855449,0.251392
0,-0.68202,0.678292,0.273438,0.100631,-0.785934,0.610067,0.142132,-0.898846,0.414577,0.216364,-0.930954,0.294127,0.188411,-0.974619,0.120912
2,-0.332043,0.027538,-0.942862,-0.141478,-0.711189,0.688618,0.125699,-0.811067,0.571289,0.444066,-0.488025,0.751423,0.484653,-0.537938,0.689735
1,-0.199075,-0.11163,-0.973606,-0.508768,-0.847738,-0.149987,-0.410037,-0.866561,-0.284502,0.441325,-0.672912,0.593651,-0.438018,-0.670792,-0.59848
2,-0.914131,-0.168754,-0.368629,-0.363989,-0.819154,-0.443282,-0.306477,-0.770905,-0.558371,0.583853,-0.421331,0.693971,0.671194,-0.470374,0.572929
1,-0.322362,-0.091478,-0.942186,-0.225312,-0.800252,-0.555726,-0.189212,-0.663961,-0.723433,-0.295376,0.071254,-0.95272,-0.495717,0.288088,-0.819311
1,-0.076193,0.017269,-0.996944,0.001664,-0.174345,-0.984683,-0.084083,-0.049467,-0.99523,-0.223621,0.045235,-0.973626,-0.595697,0.14321,-0.790339
1,-0.040183,0.055201,-0.997666,0.12795,0.070233,-0.989291,0.055646,0.109294,-0.992451,-0.128745,0.238035,-0.962686,-0.659389,0.244072,-0.71108
1,0.032737,0.137144,-0.99001,0.168626,0.131448,-0.976876,0.045691,0.135361,-0.989742,-0.121241,0.161204,-0.979446,-0.7379,0.024365,-0.67447
0,-0.345823,-0.235941,-0.908151,-0.340502,-0.504467,0.793456,-0.442661,-0.348791,0.826072,-0.54425,-0.237193,0.804693,-0.671698,-0.015417,0.740665
1,-0.550141,0.317008,-0.772561,-0.329124,-0.176397,-0.927665,-0.206242,-0.267897,-0.941114,-0.146534,-0.329955,-0.932554,-0.131954,-0.359939,-0.923597
0,-0.226448,-0.299387,-0.92687,-0.654362,-0.628687,0.420194,-0.654011,-0.484627,0.580867,-0.781207,-0.379017,0.496046,-0.901037,-0.071668,0.42778
0,0.034465,-0.464188,-0.885066,-0.380444,-0.790124,0.48059,-0.447058,-0.650697,0.613786,-0.606466,-0.576347,0.547744,-0.805294,-0.393222,0.44371
0,-0.340195,-0.360279,-0.8686,-0.550654,-0.473773,0.687255,-0.505298,-0.309182,0.805655,-0.612201,-0.175093,0.771072,-0.726129,0.046919,0.685956
2,-0.42614,-0.323758,-0.84474,-0.236781,0.193267,-0.952146,-0.225213,-0.146024,-0.963305,-0.194836,-0.061115,0.97893,-0.332288,0.178029,0.926224
1,-0.445774,0.343383,-0.826664,-0.303166,0.206476,-0.9303,-0.166182,0.017911,-0.985932,-0.08902,-0.056019,-0.994453,-0.069445,-0.120335,-0.990301
2,-0.267723,-0.717698,-0.642833,-0.357509,0.215027,-0.908818,-0.25589,-0.069978,-0.96417,-0.290984,-0.095279,0.951972,-0.474909,0.157315,0.86586
0,-0.412771,-0.167893,-0.895227,-0.263702,-0.539314,0.799751,-0.21172,-0.358034,0.909388,-0.331584,-0.201856,0.921578,-0.412996,0.036939,0.909983
0,-0.034483,-0.53426,-0.844616,-0.111089,-0.459804,0.881045,-0.224312,-0.352054,0.908704,-0.398751,-0.226919,0.888541,-0.572719,0.01384,0.819635
2,-0.229704,-0.735206,-0.637737,-0.39579,0.175165,-0.901481,-0.250927,-0.125904,-0.959783,-0.107847,0.005519,0.994152,-0.530546,0.186048,0.826987
1,-0.400494,0.227843,-0.88752,-0.349366,0.118385,-0.929478,-0.245889,-0.012891,-0.969212,-0.404875,-0.315999,0.858033,-0.508836,0.039645,-0.85995
2,0.0573,-0.867131,-0.494773,-0.196267,-0.295468,-0.934975,-0.668156,-0.090053,0.738551,-0.687093,0.08808,0.721211,-0.975536,-0.088237,0.201353
2,-0.267784,-0.466552,-0.842984,-0.188074,0.098424,-0.977211,-0.030826,-0.076044,-0.996628,-0.5863,-0.267791,0.764552,-0.77311,-0.008604,0.634214
1,-0.196751,0.384066,-0.902099,-0.240309,0.32767,-0.91372,-0.197385,0.155227,-0.967958,-0.796386,-0.604473,-0.019558,-0.881223,-0.470817,-0.04215
1,-0.246939,0.129808,-0.960297,-0.209932,0.239184,-0.948008,-0.053976,0.136452,-0.989175,0.056586,0.13271,-0.989538,0.1213,0.068428,-0.990255
2,-0.227705,-0.530552,-0.816496,-0.296756,0.134917,-0.945375,-0.23134,-0.058658,-0.971103,-0.333539,-0.180319,0.925331,-0.428574,-0.135494,0.893289
1,-0.517319,0.377936,-0.767818,-0.206555,0.271169,-0.940107,-0.135146,0.102182,-0.985543,-0.313194,0.297434,-0.90191,-0.21877,0.232836,-0.94759
0,-0.342425,-0.022314,-0.93928,-0.573195,-0.651828,0.496556,-0.663017,-0.492717,0.563595,-0.757966,-0.379035,0.530867,-0.891817,-0.076429,0.445894
0,-0.349694,-0.382477,-0.855234,-0.633773,-0.419025,0.650193,-0.648189,-0.190105,0.737368,-0.344742,0.045896,0.937575,-0.440632,0.29448,0.848013
2,-0.245347,-0.639047,-0.728988,-0.172072,0.184179,-0.967713,-0.129586,-0.10418,-0.98608,-0.219101,-0.090498,0.971496,-0.3325,-0.015281,0.94298
1,-0.511164,0.239323,-0.825491,-0.330266,0.16117,-0.930026,-0.143818,-0.105031,-0.984015,-0.515583,-0.451201,-0.728417,-0.580544,-0.411943,-0.702333
2,-0.222885,-0.596801,-0.770811,-0.276595,0.082127,-0.957471,-0.276823,-0.11865,-0.953568,-0.62855,-0.232979,0.742055,-0.759832,-0.133178,0.636333
2,-0.292485,-0.48641,-0.823321,-0.250262,0.117652,-0.961003,-0.098407,-0.067116,-0.99288,-0.389105,-0.219836,0.894578,-0.550194,-0.062066,0.832727
0,-0.528331,0.29347,-0.796707,-0.318485,0.316618,-0.893488,-0.317954,0.23394,-0.918791,-0.892715,-0.227884,0.388752,-0.917193,-0.06102,0.393743
2,-0.256295,-0.624198,-0.738031,-0.180168,0.105738,-0.977936,-0.172574,-0.159545,-0.97199,-0.377075,-0.061642,0.924129,-0.493341,0.010419,0.869774
0,-0.246258,-0.25871,-0.934038,-0.548311,-0.650144,0.525992,-0.669724,-0.480122,0.566527,-0.626173,-0.241874,0.741218,-0.752292,-0.042455,0.657461
2,-0.190759,-0.67732,-0.710527,-0.182387,0.174467,-0.967624,-0.160166,-0.14411,-0.976514,-0.260354,-0.061433,0.963557,-0.380404,0.088299,0.920596
0,-0.325555,-0.242097,-0.914004,-0.485134,-0.600264,0.635868,-0.561238,-0.438299,0.702073,-0.676808,-0.321202,0.66239,-0.832991,-0.071327,0.54867
1,-0.361875,0.278612,-0.889619,-0.178934,0.143695,-0.973311,-0.393743,0.363459,-0.844313,-0.295701,0.222849,-0.928924,-0.144349,0.158082,-0.976818
0,-0.51607,0.160832,-0.841311,-0.783795,-0.512216,0.351141,-0.846832,-0.343324,0.406206,-0.879116,-0.239001,0.412352,-0.952376,-0.070328,0.296706
0,-0.030597,-0.305526,-0.951692,0.024511,-0.757821,0.652002,-0.274901,-0.651766,0.706846,-0.436678,-0.664273,0.606675,-0.601872,-0.583115,0.545644
0,-0.312084,-0.226176,-0.92274,-0.450878,-0.689192,0.567207,-0.558432,-0.488474,0.670483,-0.718194,-0.386453,0.578664,-0.843336,-0.12354,0.522994
1,-0.400702,0.324921,-0.856659,-0.213963,0.2276,-0.949957,-0.111978,0.048247,-0.992539,-0.032113,-0.025271,-0.999165,-0.019113,-0.089774,-0.995779
2,-0.097222,-0.628768,-0.771491,-0.409472,0.028342,-0.911882,-0.201731,-0.131451,-0.97058,-0.585968,-0.325312,0.742168,-0.757935,-0.017417,0.652097
1,-0.412993,0.237944,-0.879102,-0.279141,0.22152,-0.93435,-0.130675,0.087753,-0.987534,-0.136796,0.09888,-0.985652,-0.080233,0.015868,-0.99665
0,-0.542172,0.156009,-0.825658,-0.353349,0.040584,-0.934611,-0.513888,-0.414418,0.751117,-0.632473,-0.262183,0.728861,-0.702678,-0.074809,0.707565
1,-0.386442,0.272697,-0.881078,-0.28777,0.091427,-0.953325,-0.153945,-0.027609,-0.987694,-0.044844,-0.156725,-0.986624,-0.047431,-0.204129,-0.977794
2,-0.303792,-0.580905,-0.755155,-0.330362,0.186879,-0.925169,-0.2291,-0.15157,-0.96153,-0.288845,-0.034386,0.956758,-0.412478,0.020249,0.910742
1,-0.589347,0.282726,-0.756794,-0.258516,0.160139,-0.952641,-0.133331,-0.016848,-0.990928,-0.598859,-0.422813,-0.680145,-0.642031,-0.384222,-0.663453
1,-0.546974,0.110814,-0.829783,-0.195695,0.200906,-0.959865,0.016548,0.043119,-0.998933,0.020863,-0.031943,-0.999272,0.015845,-0.103671,-0.994485
2,-0.23593,-0.489444,-0.839513,-0.178686,0.086066,-0.980135,-0.21364,-0.104896,-0.971265,-0.329767,-0.195897,0.923514,-0.416409,-0.048601,0.907878
1,-0.40317,0.312766,-0.860018,-0.187681,0.288762,-0.938825,-0.107259,0.118574,-0.987135,-0.037688,-0.006257,-0.99927,-0.084749,0.031773,-0.995896
1,-0.416712,0.218377,-0.882419,-0.181736,0.27859,-0.943059,-0.103559,0.0798,-0.991417,-0.056344,-0.015465,-0.998292,-0.175966,0.013251,-0.984307
2,-0.480017,-0.22435,-0.848087,-0.160491,0.257305,-0.95291,-0.17258,-0.042307,-0.984087,-0.230992,-0.142491,0.962465,-0.340257,-0.033906,0.939721
1,-0.404124,0.145341,-0.903083,-0.154029,0.104602,-0.982514,-0.071289,0.043997,-0.996485,-0.085727,0.087064,-0.992507,0.008213,0.095443,-0.995401
0,-0.283916,-0.171226,-0.943437,-0.419072,-0.587338,0.692396,-0.478493,-0.485266,0.731821,-0.489155,-0.361873,0.793584,-0.59691,-0.058046,0.800206
0,-0.133783,-0.294903,-0.946116,-0.275182,-0.743115,0.609963,-0.420565,-0.592503,0.68707,-0.555204,-0.478811,0.680065,-0.750642,-0.265305,0.605103
2,-0.167034,-0.503553,-0.847664,-0.177852,0.054817,-0.982529,-0.197911,-0.203631,-0.958835,-0.35748,-0.016703,0.933771,-0.472773,0.180606,0.862477
2,-0.145673,-0.5706,-0.808205,-0.174668,0.213725,-0.961152,-0.062632,-0.102624,-0.992746,-0.292101,-0.175717,0.940107,-0.398473,-0.124754,0.908656
2,-0.255522,-0.599839,-0.758223,-0.098798,0.057851,-0.993424,-0.196185,-0.166701,-0.966293,-0.296109,-0.087004,0.951183,-0.386024,0.050343,0.921114
0,-0.534283,-0.132747,-0.834817,-0.518084,-0.568601,0.63897,-0.562484,-0.441636,0.698977,-0.798058,-0.351476,0.489457,-0.899661,-0.123376,0.418795
1,-0.299984,0.199104,-0.932935,-0.168151,0.199935,-0.965273,-0.060426,0.060312,-0.996349,-0.066364,0.018264,-0.997628,-0.009894,-0.090629,-0.995836
1,-0.317052,0.111515,-0.941829,-0.12297,0.221088,-0.96747,-0.009077,0.058773,-0.99823,0.005173,-0.014254,-0.999885,0.011166,-0.089826,-0.995895
0,-0.333872,-0.31196,-0.8895,-0.058348,0.43159,-0.900181,-0.379951,-0.55587,0.739355,-0.507094,-0.439325,0.741518,-0.635616,-0.227749,0.737646
2,-0.478007,-0.508958,-0.715871,-0.206587,0.339086,-0.917792,-0.204445,-0.08128,-0.975498,-0.351765,-0.030944,0.935577,-0.384453,0.289568,0.876553
1,-0.284012,0.384198,-0.878481,-0.202483,0.191515,-0.960376,-0.111107,-0.033961,-0.993228,-0.051761,-0.136328,-0.989311,-0.073903,-0.269943,-0.960036
0,-0.225933,-0.13127,-0.965258,-0.217747,-0.717795,0.66133,-0.390178,-0.590171,0.706725,-0.513224,-0.487696,0.706225,-0.637847,-0.34766,0.68723
1,-0.239211,0.275937,-0.930933,-0.178687,0.24851,-0.952005,-0.020125,0.028213,-0.999399,0.101111,-0.00103,-0.994875,0.197919,-0.10965,-0.974066
0,-0.152777,-0.152664,-0.976398,0.043105,-0.507509,0.860568,-0.118345,-0.368009,0.92226,-0.387353,-0.443031,0.808505,-0.562391,-0.239468,0.791437
1,-0.303466,0.262769,-0.915893,-0.274507,0.146502,-0.95036,-0.085369,-0.019589,-0.996157,-0.041426,-0.0999,-0.994135,0.123154,-0.217279,-0.968309
2,-0.067744,-0.709439,-0.701504,-0.222904,0.298492,-0.928017,-0.116999,0.037685,-0.992417,-0.561238,-0.308011,-0.768206,-0.900771,-0.239036,0.362592
0,-0.428192,0.207141,-0.879627,-0.961447,-0.265918,-0.070049,-0.646135,-0.404625,0.647139,-0.662129,-0.28166,0.694444,-0.694071,-0.082753,0.715135
0,-0.14737,-0.219093,-0.96451,-0.520508,-0.849963,-0.081453,-0.30589,-0.609429,0.731456,-0.429039,-0.532136,0.729901,-0.599648,-0.385703,0.701181
1,-0.297313,0.563219,-0.770966,-0.33893,0.176531,-0.924101,-0.192563,0.007349,-0.981257,-0.106944,-0.057469,-0.992603,-0.064854,-0.163252,-0.98445
0,-0.338124,0.188451,-0.922041,-0.299251,-0.732347,0.611651,-0.364938,-0.596483,0.714862,-0.445997,-0.509419,0.73592,-0.534149,-0.175461,0.826981
2,-0.135959,-0.633955,-0.761325,-0.204904,0.204675,-0.957143,-0.180334,-0.149177,-0.972227,-0.24714,-0.133653,0.959718,-0.333905,-0.064171,0.94042
1,-0.28986,0.255124,-0.922439,-0.198487,0.347252,-0.916526,0.005955,0.103333,-0.994629,0.059623,-0.0173,-0.998071,0.051101,-0.109364,-0.992687
1,-0.305694,0.125505,-0.943822,-0.158732,0.319898,-0.934061,0.053187,0.14448,-0.988077,0.126139,0.035486,-0.991378,0.150181,-0.055257,-0.987113
2,-0.224857,-0.61849,-0.752934,-0.261266,0.215699,-0.940858,-0.13743,-0.079847,-0.987288,-0.377505,-0.26048,0.888617,-0.546536,-0.066928,0.834757
2,-0.558619,-0.262796,-0.786691,-0.224309,0.085516,-0.970759,-0.23519,-0.148755,-0.960499,-0.502164,-0.159644,0.849909,-0.619315,-0.014246,0.785013
1,-0.410278,0.250246,-0.876954,-0.219065,0.222317,-0.950045,-0.073294,0.004154,-0.997302,-0.319529,-0.366792,-0.873708,-0.324387,-0.402722,-0.855914
0,-0.256621,-0.10863,-0.960388,-0.30797,-0.626402,0.716083,-0.388844,-0.469582,0.792649,-0.599811,-0.394359,0.696209,-0.716997,-0.012929,0.696956
0,-0.435449,-0.320779,-0.841122,-0.06151,-0.208165,0.976158,-0.135605,-0.100217,0.985681,-0.377783,-0.032884,0.92531,-0.480073,0.18486,0.857529
0,-0.075137,-0.338966,-0.937793,0.084112,-0.468367,0.879521,-0.073391,-0.360303,0.929944,-0.518944,-0.54368,0.659629,-0.725867,-0.298958,0.619469
0,-0.286241,-0.273767,-0.918215,-0.003319,-0.521326,0.853351,-0.102965,-0.385935,0.916762,-0.605488,-0.363226,0.708132,-0.704001,-0.044775,0.708786
0,-0.416354,-0.194176,-0.888225,-0.11478,-0.417795,0.901262,-0.116937,-0.280301,0.952763,-0.655754,-0.201085,0.727703,-0.715235,-0.015321,0.698716
0,-0.074354,-0.448535,-0.890667,0.10523,-0.425022,0.899046,-0.088678,-0.305202,0.94815,-0.353579,-0.324617,0.877272,-0.531529,-0.135485,0.836135
0,0.103649,-0.309204,-0.94533,0.238955,-0.164278,0.957034,0.046617,-0.155303,0.986766,-0.241719,-0.603047,0.760202,-0.390458,-0.5421,0.74409
1,-0.354825,0.262726,-0.897259,-0.216642,0.161706,-0.962766,-0.027844,-0.000713,-0.999612,0.123946,-0.124453,-0.984454,0.160149,-0.203764,-0.965833
1,-0.413735,0.197479,-0.888721,-0.177671,0.269602,-0.94644,-0.068646,0.06386,-0.995595,0.011659,-0.077903,-0.996893,-0.021495,-0.215045,-0.976367
1,-0.370689,0.087187,-0.924656,-0.148313,0.298824,-0.942713,0.046849,0.159735,-0.986048,0.171661,0.117943,-0.97807,0.222939,-0.042106,-0.973922
2,-0.428929,-0.434395,-0.792036,-0.294069,0.319038,-0.900965,-0.158924,-0.070523,-0.984769,-0.427451,-0.244351,0.87039,-0.589122,-0.07693,0.804374
0,-0.629368,0.278595,-0.725453,-0.329135,0.491269,-0.806427,-0.353851,0.548034,-0.757924,-0.627243,-0.482696,0.611204,-0.691163,-0.370073,0.620758
2,-0.302857,-0.533139,-0.789962,-0.391195,0.068424,-0.917761,-0.38575,0.138933,-0.912083,-0.285748,-0.092568,-0.953823,-0.667624,-0.341211,0.661704
2,-0.259895,-0.563398,-0.784243,-0.434956,0.187383,-0.880739,-0.253423,0.305114,-0.917977,-0.056295,0.065197,-0.996283,-0.317539,-0.226887,0.920702
0,-0.274708,-0.262571,-0.924982,-0.35077,-0.774677,0.526152,-0.139464,-0.55859,0.817635,-0.218587,-0.424684,0.878557,-0.369905,-0.264911,0.890501
1,-0.405814,0.199168,-0.89199,-0.169929,0.174258,-0.969927,-0.022667,-0.002398,-0.99974,0.050767,-0.148325,-0.987635,0.022614,-0.278364,-0.960209
2,-0.380865,-0.54946,-0.743663,-0.279739,0.26877,-0.921688,-0.158405,-0.099946,-0.982303,-0.364584,-0.159821,0.917352,-0.518695,-0.080188,0.85119
1,-0.397221,0.20138,-0.895356,-0.22753,0.173079,-0.958266,-0.066211,0.002941,-0.997801,-0.377759,-0.469555,-0.798008,-0.434814,-0.418345,-0.797449
2,-0.149778,-0.675486,-0.722001,-0.422598,0.050274,-0.904922,-0.193779,-0.180419,-0.964313,-0.456413,-0.161378,0.875011,-0.576952,-0.09837,0.810833
2,-0.742832,-0.308079,-0.59438,-0.339486,0.112549,-0.933853,-0.330785,-0.123801,-0.93555,-0.641793,0.074503,0.76325,-0.722194,0.215343,0.657315
2,-0.349148,-0.66355,-0.661662,-0.224802,0.077138,-0.971346,-0.029696,-0.105203,-0.994007,-0.529584,-0.209775,0.82191,-0.681235,-0.105315,0.72445
1,-0.416167,0.277778,-0.86582,-0.198065,0.247742,-0.948364,-0.083367,0.014711,-0.99641,-0.005754,-0.110047,-0.99391,-0.046601,-0.172128,-0.983972
2,-0.253424,-0.582345,-0.772431,-0.250778,0.155107,-0.955538,-0.173007,-0.131514,-0.976101,-0.530452,-0.26562,0.805026,-0.674283,-0.164191,0.719989
1,-0.388714,0.307347,-0.868585,-0.25146,0.198177,-0.947361,-0.133858,-0.040675,-0.990165,-0.029549,-0.156415,-0.987249,-0.076304,-0.257496,-0.963262
2,-0.225012,-0.747103,-0.625465,-0.362718,0.131535,-0.922569,-0.23691,-0.135198,-0.962079,-0.964804,-0.254578,-0.0659,-0.822011,-0.039571,0.568095
0,-0.515043,0.178606,-0.83835,-0.503049,0.247256,-0.828134,-0.624414,-0.360639,0.692854,-0.631776,-0.240533,0.736888,-0.674104,-0.008892,0.738583
2,-0.189489,-0.645487,-0.739893,-0.296809,0.114312,-0.94807,-0.203981,-0.194595,-0.95944,-0.46961,-0.222741,0.854314,-0.566238,-0.114317,0.816276
1,-0.413344,0.250609,-0.875409,-0.308502,0.259716,-0.915081,-0.135729,-0.01857,-0.990572,-0.38939,-0.45828,-0.798971,-0.401725,-0.514138,-0.757812
1,-0.520593,0.32253,-0.790543,-0.237481,0.238819,-0.941577,-0.098024,0.018468,-0.995013,-0.003227,-0.096504,-0.995327,0.00291,-0.241606,-0.97037
2,-0.373892,-0.508015,-0.775967,-0.344268,0.132979,-0.929406,-0.23646,-0.16342,-0.9578,-0.310622,-0.169187,0.935355,-0.487074,0.0447,0.872216
2,-0.154947,-0.587835,-0.794003,-0.315102,0.164204,-0.934745,-0.125608,-0.081418,-0.988733,-0.348991,-0.305455,0.885947,-0.442904,-0.275946,0.853047
1,-0.233134,0.244821,-0.941122,-0.251835,0.149842,-0.9561,-0.164799,-0.108522,-0.980339,-0.35707,-0.389841,-0.848837,-0.421482,-0.400494,-0.813608
0,-0.42179,-0.059907,-0.904712,-0.228979,-0.443522,0.86652,-0.271398,-0.308424,0.911711,-0.372637,-0.199278,0.906328,-0.434864,-0.106001,0.894235
0,-0.367394,-0.243918,-0.897511,-0.048527,-0.485682,0.872788,-0.107,-0.312988,0.943711,-0.234609,-0.19065,0.953211,-0.322669,-0.092712,0.94196
0,-0.067557,-0.373025,-0.925358,-0.077902,-0.657736,0.749209,-0.234176,-0.572765,0.785559,-0.435251,-0.488005,0.756576,-0.563366,-0.38246,0.732354
2,-0.330788,-0.559448,-0.759998,-0.305471,0.114623,-0.945277,-0.240165,-0.193406,-0.95127,-0.225436,-0.094403,0.969674,-0.334378,-0.00036,0.942439
1,-0.487674,0.299897,-0.819899,-0.337305,0.303818,-0.891022,-0.11311,0.011655,-0.993514,-0.5353,-0.444998,-0.717935,-0.580108,-0.441638,-0.68442
1,-0.560905,0.283864,-0.777693,-0.221847,0.270879,-0.936701,-0.110718,-0.000749,-0.993852,-0.123263,-0.098986,-0.987425,-0.185888,-0.224887,-0.956489
0,-0.251562,-0.366853,-0.89562,-0.0538,-0.534263,0.843604,-0.191741,-0.342858,0.919611,-0.317801,-0.26523,0.910305,-0.451583,-0.0271,0.891817
0,-0.299901,-0.258253,-0.918349,-0.058577,-0.668998,0.740952,-0.158143,-0.494962,0.854402,-0.259838,-0.351886,0.899256,-0.327522,-0.261777,0.907856
0,-0.132428,-0.353905,-0.925859,-0.141889,-0.680325,0.719045,-0.222255,-0.636854,0.738254,-0.352096,-0.53971,0.764684,-0.545394,-0.388331,0.742795
0,-0.632897,0.190749,-0.750371,-0.322185,-0.690552,0.64756,-0.392511,-0.487798,0.779736,-0.417561,-0.354641,0.836584,-0.528063,-0.129826,0.839223
1,-0.459604,0.320417,-0.82831,-0.294102,0.1735,-0.939895,-0.1672,-0.020762,-0.985704,-0.055144,-0.190857,-0.980068,-0.049143,-0.360468,-0.931476
0,-0.286599,-0.13559,-0.948407,-0.174066,-0.607586,0.774946,-0.243265,-0.454401,0.856937,-0.376953,-0.348757,0.858065,-0.472024,-0.133872,0.871362
0,-0.014273,-0.29211,-0.956278,0.121149,-0.492957,0.861578,-0.198271,-0.699914,0.686155,-0.391582,-0.61641,0.683156,-0.485085,-0.560735,0.671021
2,-0.396954,-0.506773,-0.76525,-0.355669,0.169333,-0.919144,-0.288592,-0.075635,-0.95446,-0.084584,-0.175806,0.980784,-0.167151,-0.119138,0.978707
2,-0.544594,-0.295312,-0.784989,-0.293837,0.199362,-0.934834,-0.121235,-0.033332,-0.992064,-0.446306,-0.190385,0.874394,-0.528082,-0.166796,0.832652
0,-0.474814,-0.000939,-0.880086,0.015672,0.384033,-0.923187,-0.467663,-0.447832,0.762062,-0.466254,-0.311471,0.828006,-0.527725,0.062485,0.847114
0,-0.062206,-0.303196,-0.950896,-0.008422,0.39325,-0.919393,-0.344656,-0.720465,0.601783,-0.521179,-0.654309,0.547953,-0.700217,-0.49156,0.517751
0,-0.421408,-0.20535,-0.883316,-0.397079,-0.644832,0.653085,-0.445543,-0.496728,0.744817,-0.374056,-0.320371,0.870313,-0.476558,-0.090916,0.874429
2,-0.139807,-0.694289,-0.705986,-0.597725,-0.045577,-0.800405,-0.433019,-0.417974,-0.798619,-0.236664,-0.122105,0.963888,-0.419855,0.060425,0.905577
2,-0.243788,-0.645899,-0.723452,-0.358228,0.034592,-0.932993,-0.252387,-0.264849,-0.930675,-0.497509,-0.317887,0.807114,-0.593171,-0.265784,0.759939
2,-0.341501,-0.591842,-0.730137,-0.279789,0.181326,-0.942783,-0.131585,-0.122555,-0.9837,-0.436308,-0.192287,0.879012,-0.527993,-0.162069,0.833641
2,-0.402576,-0.621362,-0.672192,-0.32204,0.187607,-0.927952,-0.286577,-0.189816,-0.939065,-0.320368,-0.138172,0.937162,-0.494227,-0.116584,0.86148
0,-0.568514,0.317566,-0.758909,-0.304575,0.284581,-0.908982,-0.444549,-0.489249,0.750341,-0.44676,-0.377596,0.811065,-0.506066,-0.2386,0.828835
2,-0.18204,-0.659698,-0.72915,-0.234478,0.129716,-0.963428,-0.287789,-0.460906,0.83949,-0.341011,0.004159,-0.94005,-0.606835,-0.09295,0.789374
2,-0.129117,-0.620957,-0.773138,-0.272675,0.130184,-0.953258,-0.153045,-0.53015,0.833977,-0.243754,0.021529,-0.969598,-0.520704,-0.280787,0.806242
1,-0.461327,0.27911,-0.842185,-0.236143,0.196643,-0.951613,-0.11558,-0.034924,-0.992684,-0.052508,-0.130761,-0.990022,-0.086582,-0.207205,-0.974459
2,-0.365211,-0.606234,-0.706471,-0.355385,0.17647,-0.917911,-0.214955,-0.103906,-0.971081,-0.259182,-0.173616,0.950096,-0.422519,-0.064137,0.904082
0,-0.570178,0.238184,-0.786235,-0.393973,0.212976,-0.894107,-0.322228,-0.517882,0.792444,-0.282889,-0.394794,0.874135,-0.377456,-0.264562,0.887431
0,-0.181726,-0.317519,-0.930676,-0.252751,0.234491,-0.938686,-0.226395,-0.616858,0.753811,-0.259461,-0.456413,0.851098,-0.420547,-0.25202,0.871565
2,-0.216623,-0.6776,-0.702803,-0.289936,0.176205,-0.940685,-0.231297,-0.149681,-0.9613,-0.318954,-0.168766,0.932623,-0.41434,-0.0998,0.904634
2,-0.043795,-0.581882,-0.812093,-0.184595,0.175418,-0.967033,-0.028317,-0.068076,-0.997278,-0.289446,-0.338963,0.895167,-0.364939,-0.309999,0.877907
0,-0.195043,-0.38812,-0.900733,-0.242492,-0.710375,0.66073,-0.010811,-0.305026,0.952283,-0.167724,-0.238871,0.956457,-0.30463,-0.099225,0.947288
2,-0.269673,0.415041,-0.868917,-0.352094,0.288134,-0.89051,-0.422899,0.218447,-0.879453,-0.861196,0.246582,-0.444454,-0.19985,0.331387,0.922086
1,-0.543104,0.334741,-0.770056,-0.216824,0.320593,-0.922067,-0.029561,0.052286,-0.998195,0.02455,-0.106258,-0.994035,-0.077258,-0.12531,-0.989105
1,-0.51602,0.129139,-0.846786,-0.153074,0.300379,-0.941457,0.075487,0.087217,-0.993325,0.148087,-0.002645,-0.988971,0.101379,-0.120391,-0.987537
0,-0.25021,-0.214804,-0.944063,-0.393598,-0.679304,0.619376,-0.497801,-0.586013,0.639361,-0.521911,-0.455366,0.721284,-0.64297,-0.306489,0.701893
1,-0.460456,0.200236,-0.864804,-0.224319,0.195903,-0.954622,-0.060771,-0.053875,-0.996697,-0.006871,-0.164354,-0.986377,-0.044073,-0.255617,-0.965773
1,-0.487015,0.13742,-0.862515,-0.212833,0.180318,-0.960306,-0.062387,-0.052321,-0.99668,-0.020502,-0.160167,-0.986877,-0.076531,-0.264106,-0.961453
1,-0.446953,0.012519,-0.89447,-0.183471,0.242479,-0.95265,0.046622,0.024056,-0.998623,0.139364,-0.034718,-0.989632,0.125322,-0.182403,-0.975204
2,-0.228903,-0.596778,-0.769064,-0.356143,0.211636,-0.91015,-0.249976,-0.087162,-0.964321,-0.309656,-0.224779,0.923898,-0.474443,-0.129409,0.870722
0,-0.319534,-0.265904,-0.909502,-0.546607,-0.712932,0.439259,-0.063648,-0.384639,0.92087,-0.210447,-0.273892,0.938454,-0.291633,-0.133627,0.94715
1,-0.591465,0.1058,-0.79936,-0.307569,0.177172,-0.934886,-0.12389,0.054432,-0.990802,-0.029196,-0.046791,-0.998478,0.063709,-0.169657,-0.983442
0,-0.370942,-0.230876,-0.899499,-0.312686,-0.558837,0.768069,-0.401732,-0.376002,0.835006,-0.511084,-0.247099,0.823247,-0.598969,-0.017531,0.800581
2,-0.248227,-0.657801,-0.711113,-0.352524,0.118722,-0.928241,-0.276802,-0.221468,-0.935058,-0.101517,-0.095751,0.990215,-0.222707,-0.003643,0.974879
1,-0.517823,0.307517,-0.798306,-0.249562,0.254981,-0.934186,-0.138751,0.059254,-0.988553,-0.028218,-0.062067,-0.997673,-0.039382,-0.15735,-0.986757
0,-0.394652,-0.28111,-0.874773,-0.202715,-0.57551,0.792272,-0.235763,-0.445033,0.863922,-0.355043,-0.332851,0.873587,-0.455584,-0.209174,0.865269
0,-0.006213,-0.405012,-0.91429,0.076187,-0.560502,0.824642,-0.086575,-0.431947,0.897734,-0.466756,-0.597871,0.651681,-0.661629,-0.417972,0.622532
2,-0.292953,-0.630266,-0.718988,-0.282527,0.254718,-0.924823,-0.220435,-0.134137,-0.966134,-0.113137,-0.089465,0.989543,-0.218972,-0.03594,0.975069
2,-0.087672,-0.59511,-0.798848,-0.243362,0.195129,-0.950105,-0.05355,-0.110622,-0.992419,-0.277053,-0.28696,0.917003,-0.380308,-0.216894,0.899068
0,-0.21748,-0.379787,-0.899146,0.057032,-0.54428,0.836963,-0.1125,-0.419477,0.900768,-0.301673,-0.382425,0.873353,-0.418919,-0.26596,0.8682
2,-0.878829,-0.250402,-0.406152,-0.327435,-0.277269,-0.903277,-0.377198,0.13471,-0.916283,0.375451,-0.915625,-0.143762,0.540258,-0.810872,-0.224962
2,-0.868181,-0.325194,-0.374847,-0.322749,-0.343668,-0.881887,-0.393223,0.079447,-0.916004,0.44611,-0.88453,-0.136354,0.547074,-0.81144,-0.205609
0,-0.968711,0.03372,-0.245892,0.1002,-0.904407,0.414738,0.362641,-0.817591,0.447255,0.492356,-0.801211,0.340068,0.588159,-0.802772,0.098116
0,-0.763338,-0.304263,-0.569859,0.502765,-0.757748,0.415988,0.627891,-0.677073,0.383828,0.678979,-0.73239,0.050914,0.876074,-0.474289,-0.086856
2,-0.852893,-0.175297,-0.491776,-0.230365,-0.059141,-0.971305,-0.339281,0.192006,-0.920881,0.651579,-0.476067,0.590597,0.698929,-0.504359,0.50707
2,-0.759467,-0.293987,-0.580329,-0.134419,0.08897,-0.986922,-0.325697,0.261843,-0.908493,0.697165,-0.361064,0.619349,0.738796,-0.373624,0.560878
2,-0.528579,0.142475,-0.836842,-0.377225,-0.340797,-0.861138,0.25668,-0.931173,0.258905,0.653561,-0.491763,0.57535,0.700741,-0.558865,0.443433
2,-0.521939,0.144598,-0.840637,-0.410514,-0.291719,-0.863932,0.190903,-0.939276,0.285159,0.577731,-0.572202,0.582076,0.678869,-0.622084,0.390063
2,-0.562642,0.144773,-0.813926,-0.529653,-0.218241,-0.819658,0.107983,-0.945084,0.308472,0.59216,-0.586888,0.552186,0.61601,-0.667991,0.417516
1,-0.586327,0.275894,-0.761645,-0.158123,0.357951,-0.920254,-0.095104,0.090379,-0.991356,-0.116661,-0.026986,-0.992805,-0.227134,-0.10001,-0.968715
2,-0.397883,-0.4639,-0.791509,-0.321364,0.282778,-0.903749,-0.212934,0.031289,-0.976566,-0.250178,-0.251861,0.934868,-0.412166,0.078495,0.907721
2,-0.572293,-0.397219,-0.717425,-0.359331,0.307453,-0.88111,-0.316392,-0.031492,-0.948106,-0.103308,-0.153096,0.982797,-0.21093,-0.070035,0.974989
2,-0.646904,-0.314187,-0.694839,-0.385909,0.185724,-0.903649,-0.421188,-0.079934,-0.903444,-0.219593,-0.160023,0.962378,-0.426653,-0.075889,0.901226
2,-0.450771,-0.452379,-0.769518,-0.274648,0.216755,-0.936796,-0.126912,-0.087251,-0.988069,-0.305691,-0.191591,0.932655,-0.421527,-0.137975,0.896258
0,-0.363588,-0.211471,-0.90724,-0.213342,-0.524464,0.824271,-0.191526,-0.338869,0.921133,-0.322147,-0.198874,0.925565,-0.398006,-0.070493,0.91467
1,-0.328788,0.099177,-0.939182,-0.127321,0.268912,-0.954712,-0.025715,0.110647,-0.993527,0.045691,-0.050828,-0.997662,-0.017387,-0.145684,-0.989178
0,-0.315274,-0.10771,-0.942869,-0.200459,-0.458433,0.865826,-0.270879,-0.297018,0.915644,-0.418076,-0.213394,0.882992,-0.522258,0.077221,0.849284
0,-0.050602,-0.492103,-0.869065,-0.175969,-0.551921,0.815119,-0.287593,-0.448128,0.846447,-0.694252,-0.535865,0.480481,-0.845269,-0.32011,0.427843
0,-0.225455,-0.233837,-0.945775,-0.239927,-0.491688,0.837065,-0.284383,-0.395867,0.873164,-0.432179,-0.294454,0.85236,-0.550902,-0.086906,0.830033
1,-0.476949,0.300458,-0.825981,-0.454632,-0.171788,-0.873956,-0.450309,-0.315233,-0.835374,-0.69278,-0.534622,-0.483979,-0.661216,-0.596401,-0.455082
0,-0.399201,-0.208671,-0.892802,-0.401187,-0.57491,0.713111,-0.458149,-0.438972,0.772919,-0.61063,-0.333491,0.718272,-0.70429,-0.170479,0.689139
0,-0.170382,-0.341078,-0.924465,-0.478628,-0.553428,0.68164,-0.60187,-0.380896,0.701905,-0.70694,-0.291457,0.644429,-0.735945,-0.435209,-0.518631
1,-0.504707,0.297295,-0.810486,-0.731922,-0.589705,-0.341378,-0.734796,-0.511905,-0.445003,-0.571542,-0.538454,-0.619199,-0.636323,-0.520278,-0.569565
1,-0.53683,0.129848,-0.833639,-0.191852,0.241377,-0.951278,-0.065948,0.146458,-0.987016,0.103216,0.029656,-0.994217,0.083889,-0.08871,-0.992519
0,-0.869964,-0.039264,-0.491549,-0.245076,-0.812837,-0.528425,0.120541,-0.980861,-0.152907,0.406841,-0.884593,0.227981,0.678369,-0.727946,-0.099549
2,-0.962436,-0.137318,-0.234224,-0.316285,-0.736456,-0.597994,-0.327526,-0.333997,-0.88384,0.569041,-0.381703,0.728351,0.747498,-0.391843,0.536382
0,-0.962932,0.119685,-0.241737,-0.131699,-0.950027,0.283026,0.403257,-0.630545,0.663172,0.533788,-0.65302,0.537247,0.643243,-0.696724,0.317513
1,-0.188134,-0.167827,-0.967698,-0.173205,-0.386273,-0.905977,-0.176763,-0.044073,-0.983266,-0.279781,0.123728,-0.952058,-0.726528,0.218941,-0.651323
2,-0.854779,-0.080902,-0.512648,-0.370672,-0.19075,-0.908965,-0.32081,0.40763,-0.854938,0.378884,-0.871599,0.311065,0.489861,-0.867219,0.089259
1,-0.445467,0.209612,-0.870415,-0.281185,0.282363,-0.917173,-0.137492,0.112965,-0.98404,-0.163161,-0.086993,-0.982757,-0.203023,-0.111437,-0.972812
2,-0.170469,-0.60789,-0.775506,-0.209254,0.04988,-0.976588,-0.203983,-0.07832,-0.975837,-0.236346,-0.185519,0.953794,-0.321133,-0.117052,0.939772
1,-0.226636,0.143408,-0.963364,-0.170945,-0.063293,-0.983246,-0.783729,-0.461166,-0.416047,-0.795302,-0.363185,0.485377,-0.846703,-0.281405,0.451559
2,-0.513468,-0.512712,-0.688097,-0.258667,-0.050612,-0.96464,0.11817,-0.033983,0.992412,0.037714,0.078751,0.996181,-0.226631,0.172738,0.958541
1,-0.361873,0.19744,-0.911079,-0.278088,0.263808,-0.923619,-0.171294,0.105411,-0.979565,-0.704321,-0.476206,-0.52646,-0.762014,-0.421395,-0.491692
0,-0.240929,-0.332887,-0.911669,-0.299779,-0.614418,0.72981,-0.141485,-0.367057,0.919375,-0.273704,-0.267556,0.923851,-0.381903,-0.096646,0.919135
1,-0.580001,0.129153,-0.804312,-0.407781,0.025392,-0.912727,-0.146153,-0.073564,-0.986523,0.034037,-0.117018,-0.992546,0.130869,-0.201016,-0.970807
1,-0.438876,0.034207,-0.897896,-0.313741,0.138315,-0.93938,-0.019672,0.089822,-0.995763,0.170461,0.050939,-0.984047,0.235406,-0.018255,-0.971726
2,-0.331993,-0.601494,-0.726626,-0.403008,0.167124,-0.899808,-0.2994,-0.134618,-0.944583,-0.403869,-0.108815,0.908322,-0.527178,0.031819,0.849159
2,-0.366738,-0.459979,-0.808655,-0.292909,0.179642,-0.939113,-0.062772,-0.104621,-0.992529,-0.45775,-0.350602,0.817033,-0.566388,-0.286522,0.772729
1,-0.337457,0.179036,-0.924158,-0.279947,0.242289,-0.928938,-0.023291,0.057096,-0.998097,-0.117148,-0.383767,-0.915969,-0.152223,-0.36542,-0.918312
2,-0.377366,-0.546548,-0.747583,-0.33021,0.243354,-0.911998,-0.177937,-0.057535,-0.982358,-0.65763,-0.436571,0.613945,-0.808414,-0.325866,0.490181
2,-0.484459,-0.354566,-0.799739,-0.355102,0.197977,-0.913624,-0.127991,0.004489,-0.991765,-0.402493,-0.434454,0.80576,-0.578425,-0.29169,0.761801
0,-0.667484,0.129457,-0.733284,-0.660373,-0.440746,0.607988,-0.695872,-0.268645,0.666027,-0.722773,-0.143327,0.67606,-0.81564,-0.002226,0.578555
1,-0.561696,0.164564,-0.810812,-0.2886,0.119471,-0.949967,-0.145573,0.021048,-0.989124,-0.03341,-0.043294,-0.998504,-0.002885,-0.142071,-0.989852
1,-0.464536,-0.051218,-0.884072,-0.214372,0.190647,-0.957966,-0.007477,0.092354,-0.995698,0.119352,-0.024757,-0.992543,0.100229,-0.062658,-0.992989
0,-0.284207,-0.215501,-0.93423,0.01993,-0.546115,0.837473,-0.114473,-0.377562,0.918881,-0.250316,-0.247218,0.936069,-0.404507,-0.021769,0.914276
0,-0.408542,-0.12385,-0.904298,0.256569,-0.341138,0.904321,0.141549,-0.234444,0.961769,0.027832,-0.081032,0.996323,-0.144102,0.10018,0.984479
1,-0.527704,0.325665,-0.784519,-0.332453,0.096638,-0.938156,-0.126159,-0.082623,-0.988563,-0.03785,-0.201255,-0.978807,-0.013644,-0.347774,-0.937479
2,-0.08364,-0.878484,-0.470393,-0.248896,-0.353651,-0.901655,-0.221502,0.067127,0.972847,-0.298963,0.194654,0.934201,-0.444699,0.240509,0.862785
1,-0.582038,0.306178,-0.753317,-0.238387,0.311399,-0.919893,-0.116682,0.09859,-0.988264,-0.053259,-0.063748,-0.996544,-0.038973,-0.207849,-0.977384
2,-0.354309,-0.740225,-0.571429,-0.298847,0.126036,-0.945941,-0.281821,-0.108979,-0.953258,-0.052362,0.060596,0.996788,-0.878578,-0.130946,0.459296
0,-0.454159,-0.074436,-0.887806,-0.187981,-0.498673,0.846161,-0.268469,-0.329582,0.905152,-0.38553,-0.163748,0.908049,-0.450071,0.048001,0.891702
1,-0.64779,0.323073,-0.689922,-0.182458,0.230689,-0.955768,-0.065272,0.054209,-0.996394,-0.106521,-0.119436,-0.987111,-0.13943,-0.226976,-0.963868
1,-0.638948,0.301487,-0.707708,-0.143818,0.21618,-0.965703,-0.024199,0.043588,-0.998756,-0.03318,-0.071191,-0.996911,-0.051458,-0.181576,-0.98203
2,-0.345639,-0.7824,-0.518058,-0.314665,0.120792,-0.941486,-0.21324,-0.054832,-0.97546,-0.035373,0.085899,0.995676,-0.224659,0.163627,0.960601
0,-0.451377,-0.113889,-0.885036,-0.214707,-0.435139,0.874388,-0.269188,-0.318697,0.908829,-0.396449,-0.169698,0.902237,-0.481682,-0.037987,0.875523
0,-0.301906,-0.36112,-0.882295,-0.036521,-0.468601,0.882655,-0.12875,-0.370194,0.919989,-0.289763,-0.26032,0.921016,-0.454418,-0.052881,0.889218
2,-0.249139,-0.674033,-0.69542,-0.120674,-0.547115,0.828314,-0.293763,-0.311813,-0.903591,-0.166313,-0.108857,0.980046,-0.306542,0.028605,0.951427
2,-0.110791,-0.669773,-0.734255,-0.272918,0.131171,-0.953053,-0.072952,-0.162149,-0.984066,-0.246769,-0.206821,0.946747,-0.316281,-0.158591,0.935316
1,-0.487985,0.37209,-0.789569,-0.279479,0.333895,-0.900225,-0.081126,0.060621,-0.994859,-0.554162,-0.497961,-0.667038,-0.596986,-0.462166,-0.655752
0,-0.396361,-0.078689,-0.914716,-0.068285,-0.503376,0.861365,-0.182366,-0.341374,0.922066,-0.286774,-0.25501,0.923434,-0.380642,0.039675,0.923871
2,-0.137336,-0.747579,-0.649818,-0.312141,0.143063,-0.939202,-0.193169,-0.186822,-0.963215,-0.303529,-0.023923,0.952522,-0.415354,0.171351,0.893376
0,-0.518707,-0.128096,-0.845301,-0.083339,-0.420936,0.903254,-0.160345,-0.318104,0.934398,-0.245809,-0.185625,0.951379,-0.379207,0.148768,0.913274
0,-0.250613,-0.33019,-0.910037,-0.115859,-0.561885,0.819062,-0.210487,-0.455725,0.864876,-0.346834,-0.360919,0.865704,-0.551786,-0.162056,0.818089
1,-0.567855,0.305318,-0.764409,-0.151988,0.302373,-0.940994,-0.01979,0.137445,-0.990312,0.060769,-0.018732,-0.997976,0.07999,-0.1627,-0.983428
0,-0.357818,-0.167956,-0.918563,-0.280479,-0.547613,0.788322,-0.402618,-0.413608,0.816594,-0.543067,-0.297098,0.785373,-0.656516,-0.153354,0.738559
0,-0.093073,-0.320838,-0.94255,-0.060905,-0.686452,0.72462,-0.239554,-0.583396,0.776056,-0.371499,-0.527208,0.764225,-0.629463,-0.358624,0.689322
1,-0.427898,0.222402,-0.876037,-0.192517,0.208514,-0.958884,-0.013502,0.008924,-0.999869,0.095863,-0.116567,-0.988546,0.136703,-0.219573,-0.965971
0,-0.322257,-0.065825,-0.944361,-0.122312,-0.640401,0.758239,-0.238926,-0.495111,0.835332,-0.343942,-0.388696,0.854763,-0.503477,-0.189675,0.842932
1,-0.509998,0.331709,-0.793644,-0.208263,0.184046,-0.960601,0.000861,0.067523,-0.997717,0.118117,-0.000882,-0.992999,0.266248,-0.162719,-0.950071
0,-0.212516,-0.21375,-0.953493,-0.12107,-0.616115,0.778296,-0.235717,-0.486783,0.841118,-0.373852,-0.397456,0.838011,-0.552719,-0.207306,0.807172
0,-0.418836,-0.021202,-0.907814,-0.372797,-0.499403,0.78206,-0.425282,-0.333414,0.84141,-0.469808,-0.199656,0.859894,-0.558434,0.086336,0.825044
1,-0.44153,0.523164,-0.728938,-0.488471,-0.133458,-0.862314,-0.457374,-0.24961,-0.853524,-0.148594,-0.256833,-0.954964,-0.140694,-0.330569,-0.933236
2,-0.213367,-0.736502,-0.641903,0.040803,0.071956,-0.996573,-0.185597,0.033646,-0.98205,-0.315216,-0.018412,0.948841,-0.581779,0.051846,0.811692
1,-0.373975,0.618625,-0.690974,-0.288781,0.347812,-0.891982,-0.188282,0.174134,-0.966554,-0.459595,-0.267962,0.84674,-0.486529,-0.075914,-0.87036
2,-0.432729,-0.417437,-0.799057,-0.378117,0.169567,-0.910096,-0.258146,-0.011626,-0.966036,-0.574494,-0.199094,0.793926,-0.717564,0.072451,0.692714
2,-0.418825,-0.589521,-0.690688,-0.329181,0.232039,-0.915313,-0.239552,-0.126813,-0.962566,-0.120835,-0.035715,0.99203,-0.208619,0.046304,0.9769
0,-0.535475,-0.113109,-0.836943,-0.123735,-0.405856,0.905522,-0.23066,-0.258143,0.938168,-0.28023,-0.069236,0.957433,-0.317536,0.135487,0.938517
1,-0.546964,0.261889,-0.795138,-0.260617,0.198451,-0.944826,-0.110017,0.073068,-0.99124,-0.018785,-0.072886,-0.997163,-0.030098,-0.224625,-0.97398
1,-0.628819,0.298482,-0.71798,-0.177691,0.267643,-0.946992,-0.062849,0.141912,-0.987882,0.013959,-0.034752,-0.999298,-0.077013,-0.206144,-0.975486
2,-0.236967,-0.572894,-0.784627,-0.380154,-0.001489,-0.924922,-0.239875,-0.143408,-0.960153,-0.772171,-0.216119,-0.597532,-0.838023,-0.135231,0.528611
2,-0.617856,-0.347379,-0.705395,-0.437326,0.259617,-0.861014,-0.392876,-0.000097,-0.919591,-0.317256,0.06536,-0.946085,-0.755907,-0.019229,0.654396
0,-0.479535,-0.042065,-0.876514,-0.234747,-0.678493,0.69609,0.031431,-0.424342,0.904956,-0.332542,-0.369982,0.867485,-0.399348,-0.143267,0.905536
2,-0.199905,-0.761497,-0.616572,-0.324045,0.138632,-0.935829,-0.254047,-0.19211,-0.947921,-0.14645,-0.000889,0.989218,-0.236731,0.094384,0.96698
0,-0.498606,-0.098008,-0.86127,-0.349138,0.091146,-0.932628,-0.239476,-0.370142,0.897578,-0.321204,-0.22711,0.919374,-0.379343,0.147254,0.913463
0,-0.340354,-0.398754,-0.85156,-0.388891,0.071495,-0.918505,-0.081792,-0.413064,0.907022,-0.153131,-0.295013,0.943143,-0.23989,-0.098667,0.965773
1,-0.517281,0.179924,-0.836688,-0.276955,0.236838,-0.931238,-0.100655,0.11619,-0.988114,0.011958,0.070398,-0.997447,0.099346,-0.084891,-0.991425
1,-0.579849,0.155397,-0.799767,-0.200945,0.234286,-0.951173,-0.078315,0.079784,-0.993731,-0.027568,-0.02878,-0.999206,-0.129332,-0.21042,-0.969018
1,-0.540928,0.171502,-0.823398,-0.214706,0.166995,-0.962296,-0.1601,-0.003414,-0.987095,-0.128174,-0.141634,-0.981586,-0.371947,-0.328228,-0.868287
1,-0.320958,0.231347,-0.918403,-0.114811,0.37277,-0.920794,0.075599,0.25281,-0.964558,0.245873,0.15802,-0.956335,0.293615,0.039364,-0.955113
1,-0.411138,0.365011,-0.835304,-0.078127,0.277852,-0.957442,-0.029626,0.049442,-0.998338,-0.139468,-0.435313,-0.88941,-0.219802,-0.29183,-0.930872
1,-0.359907,0.273588,-0.891974,-0.09747,0.323215,-0.941293,0.105512,0.160412,-0.981395,0.251849,0.063581,-0.965676,0.229461,-0.063585,-0.971239
2,0.105509,-0.561698,-0.820587,-0.07888,0.276532,-0.957762,-0.207126,-0.147264,-0.967167,-0.763275,-0.590127,0.262986,-0.761371,-0.287222,0.581221
0,-0.334898,-0.016364,-0.942112,-0.275222,-0.652082,0.706429,-0.386216,-0.513665,0.76615,-0.085893,-0.298122,0.950655,-0.173342,-0.178435,0.968563
1,-0.44811,0.570331,-0.688419,-0.23365,0.32166,-0.917574,-0.109908,0.074386,-0.991154,-0.221717,0.300973,-0.9275,-0.092532,-0.061208,-0.993827
0,-0.198186,-0.07482,-0.977305,-0.465296,-0.687797,0.557166,-0.312266,-0.449621,0.836858,-0.569334,-0.380681,0.728657,-0.638372,-0.252634,0.727088
0,-0.134328,-0.237012,-0.962175,-0.510786,-0.763162,0.39583,-0.303449,-0.485422,0.819929,-0.423945,-0.391886,0.816514,-0.547048,-0.143096,0.82478
1,-0.44991,0.336768,-0.827145,-0.128123,0.176032,-0.976011,-0.012869,0.007877,-0.999886,0.15293,-0.000131,-0.988237,0.220064,-0.119563,-0.96813
2,-0.278828,-0.579067,-0.766118,-0.858007,-0.249187,-0.449144,-0.307106,-0.015411,-0.951551,-0.380046,0.194814,-0.90422,-0.841552,-0.005072,0.540153
0,-0.433188,0.104971,-0.89517,-0.800154,-0.317194,-0.509059,-0.490761,-0.372023,0.787878,-0.54603,-0.225786,0.806766,-0.625787,-0.084512,0.775402
1,-0.499567,0.394863,-0.771049,-0.213681,0.234437,-0.948356,-0.052344,0.122457,-0.991093,0.066175,0.067674,-0.99551,0.116967,-0.101398,-0.987946
0,-0.254437,-0.086064,-0.963252,-0.085742,0.38359,-0.919515,-0.58045,-0.540324,0.609202,-0.715471,-0.453689,0.531288,-0.812798,-0.306558,0.49536
1,-0.345409,0.302983,-0.888197,-0.197398,0.196417,-0.960445,-0.059529,0.073759,-0.995498,0.036029,-0.009475,-0.999306,0.045746,-0.124041,-0.991222
1,-0.411837,0.357677,-0.838127,-0.240692,0.181556,-0.95347,-0.122667,0.052423,-0.991062,0.003785,-0.116174,-0.993222,-0.067708,-0.119309,-0.990546
1,-0.385689,0.163119,-0.908095,-0.103289,0.279167,-0.954671,0.042529,0.157855,-0.986546,0.208832,0.093855,-0.973438,0.169788,0.012765,-0.985398
2,-0.153773,-0.611413,-0.776227,-0.187782,0.224024,-0.956322,-0.112101,-0.011226,-0.993633,-0.321614,-0.202267,0.925015,-0.450981,-0.076753,0.889227
1,-0.254423,0.312393,-0.915248,-0.200487,0.365277,-0.909053,0.01307,0.270318,-0.962682,-0.327685,-0.299534,-0.896048,-0.292307,-0.268754,-0.917784
1,-0.437217,0.260434,-0.860822,-0.163408,0.294694,-0.941516,-0.063548,0.116088,-0.991204,0.019825,-0.00475,-0.999792,-0.046422,-0.049174,-0.997711
1,-0.467689,0.322925,-0.822792,-0.114311,0.264594,-0.957561,-0.019344,0.106203,-0.994156,0.071037,-0.009037,-0.997433,-0.022959,-0.037921,-0.999017
1,-0.357829,0.159207,-0.920115,-0.046388,0.293221,-0.954919,0.128448,0.195012,-0.972354,0.240661,0.15253,-0.958549,0.231295,0.115707,-0.965979
2,0.123921,-0.74459,-0.655918,-0.717601,-0.583224,-0.380654,-0.783457,-0.433328,-0.445447,-0.569391,-0.117205,0.813668,-0.675089,0.027749,0.737214
0,-0.342475,0.001775,-0.939525,-0.699072,-0.623943,0.349275,-0.49137,-0.465781,0.735937,-0.148114,-0.2744,0.95014,-0.267623,0.000731,0.963524
1,-0.515765,0.467981,-0.717621,-0.166322,0.273192,-0.947472,-0.078384,0.105589,-0.991316,0.076234,-0.026893,-0.996727,0.065864,-0.146584,-0.987003
2,-0.338886,-0.313519,-0.887052,-0.185401,0.305123,-0.934091,-0.212776,0.031555,-0.976591,-0.504611,-0.261933,0.822653,-0.573421,-0.136335,0.807837
0,-0.264344,-0.295081,-0.918177,-0.537862,-0.536169,0.650559,-0.414637,-0.323009,0.85073,-0.452117,-0.172515,0.875117,-0.502678,0.073415,0.861351
0,-0.051202,-0.236173,-0.970361,-0.571783,-0.725883,0.382307,-0.502603,-0.530683,0.68247,-0.624866,-0.399763,0.670621,-0.741908,-0.11446,0.66066
2,-0.481329,-0.412895,-0.773202,-0.222965,-0.065199,-0.972644,-0.096903,0.028236,0.994893,-0.472136,0.151418,0.868424,-0.581216,0.323158,0.746832
0,-0.322843,-0.112481,-0.939745,-0.639694,-0.579636,0.504791,-0.634559,-0.397707,0.662694,-0.457943,-0.207956,0.864316,-0.520896,-0.04573,0.852394
0,-0.148874,-0.180894,-0.97217,-0.259051,-0.661469,0.703811,-0.133197,-0.404029,0.904997,-0.27978,-0.298223,0.912571,-0.368525,-0.184049,0.911216
2,-0.382514,0.193672,-0.903424,-0.621305,0.072796,-0.78018,-0.615106,-0.145088,-0.77498,-0.382807,0.044571,0.922752,-0.442438,0.297522,0.846008
2,-0.332665,0.33508,-0.881507,-0.35393,0.313705,-0.881092,-0.115761,0.021147,-0.993052,-0.44983,-0.112907,0.885949,-0.561186,0.060285,0.825491
2,-0.496853,0.265893,-0.826098,-0.323305,0.405744,-0.854895,-0.192375,-0.070897,-0.978757,-0.203036,0.047021,0.978042,-0.239668,0.283954,0.928401
2,-0.378807,0.179463,-0.907909,-0.317824,0.313411,-0.894853,-0.066487,0.005969,-0.997769,-0.401593,-0.023419,0.915519,-0.559925,0.187691,0.807005
0,-0.425162,-0.219771,-0.878031,0.129125,-0.506022,0.8528,0.083596,-0.428903,0.899474,0.00342,-0.278533,0.960421,-0.095879,-0.218675,0.971076
0,-0.553367,-0.060915,-0.830707,-0.226787,-0.556991,0.798955,-0.276695,-0.448654,0.849793,-0.31621,-0.284785,0.904936,-0.287792,0.044383,0.956664
0,-0.292548,-0.311244,-0.904181,-0.282697,-0.628397,0.724707,-0.425069,-0.492021,0.759757,-0.428745,-0.40202,0.809047,-0.556804,-0.235147,0.796665
2,-0.156994,-0.699041,-0.697635,-0.591286,-0.200209,-0.781216,-0.438666,-0.386152,0.811455,-0.227328,-0.027699,-0.973424,-0.643406,-0.112055,0.75728
0,-0.416995,-0.031414,-0.908366,-0.076311,0.132754,-0.988207,-0.540821,-0.466829,0.699702,-0.677547,-0.337136,0.653658,-0.751728,-0.202709,0.627547
2,-0.042039,-0.710956,-0.701979,-0.124755,0.16869,-0.977742,-0.514777,-0.510726,0.688596,-0.213704,-0.040483,-0.976059,-0.384483,-0.013804,0.923029
2,-0.415878,-0.365519,-0.832731,-0.330836,0.106774,-0.937628,-0.299164,-0.431902,0.850859,-0.277774,-0.013493,-0.960552,-0.667101,-0.165919,0.726255
1,-0.397767,0.520517,-0.755542,-0.218859,0.266814,-0.938569,-0.35575,-0.500886,0.789021,-0.229567,0.352477,-0.907226,-0.12787,0.079113,-0.988631
0,-0.420292,0.02433,-0.907063,0.072181,0.300918,-0.950914,-0.490227,-0.426793,0.759951,-0.572205,-0.284806,0.769069,-0.705958,0.002845,0.708248
2,-0.112901,-0.687648,-0.717212,-0.324314,0.119247,-0.938403,-0.173215,-0.193927,-0.965603,-0.258455,-0.008068,0.96599,-0.373583,0.156034,0.914379
1,-0.297695,0.578559,-0.759373,-0.231123,0.386115,-0.893027,-0.061396,-0.001901,-0.998112,-0.761135,-0.361667,0.538396,-0.965029,-0.260031,-0.033222
1,-0.349309,0.16792,-0.921838,-0.185991,0.287531,-0.939539,0.043079,0.096651,-0.994386,-0.676821,-0.603379,0.42172,-0.120125,0.138461,-0.983056
0,-0.264813,-0.276701,-0.923748,-0.185829,0.23814,-0.953288,-0.095297,-0.395764,0.913395,-0.268898,-0.308241,0.912514,-0.355421,-0.22405,0.907457
2,-0.336391,-0.53963,-0.771777,-0.310315,0.087372,-0.94661,-0.84469,-0.401914,0.353503,-0.311801,0.066469,-0.94782,-0.464938,0.014407,0.885226
1,-0.546873,0.35975,-0.755983,-0.264221,0.316702,-0.910982,-0.097888,0.090646,-0.991061,-0.021402,0.05041,-0.998499,0.021103,-0.03317,-0.999227
1,-0.604712,0.279478,-0.745799,-0.230808,0.3537,-0.906435,0.022301,0.232881,-0.972249,0.124588,0.217183,-0.968148,0.192417,0.092654,-0.976929
1,-0.595008,0.1572,-0.788196,-0.189949,0.325049,-0.926424,0.056173,0.159979,-0.985521,0.139474,0.158408,-0.977473,0.15024,0.090689,-0.984481
0,-0.059761,-0.384326,-0.921261,-0.275212,-0.512016,0.813694,-0.442806,-0.386373,0.809098,-0.572529,-0.271708,0.773554,-0.648749,-0.231783,0.724846
0,-0.251641,-0.282032,-0.925816,-0.133695,-0.433735,0.891067,-0.24292,-0.302571,0.921651,-0.328152,-0.167429,0.929669,-0.430282,-0.057076,0.900888
2,-0.262912,-0.58011,-0.770941,-0.265303,0.132897,-0.954962,-0.210607,-0.213349,-0.954006,-0.228677,-0.076171,0.970518,-0.33868,0.036242,0.940203
2,-0.191367,-0.652238,-0.733461,-0.254945,0.170945,-0.951725,-0.061976,-0.061751,-0.996166,-0.562012,-0.357429,0.745914,-0.634386,-0.292451,0.715561
0,-0.578974,0.1376,-0.803651,-0.383851,0.188285,-0.903995,-0.251744,0.178405,-0.951208,-0.63787,-0.350393,0.685818,-0.715459,-0.210136,0.666305
0,-0.520742,-0.0897,-0.848989,-0.375158,0.225082,-0.899219,-0.402385,-0.516038,0.756168,-0.113747,-0.392525,0.91268,-0.244432,-0.074872,0.966771
1,-0.522106,0.226282,-0.822315,-0.202397,0.197346,-0.959213,-0.009483,0.047212,-0.99884,0.102226,0.060329,-0.99293,0.207826,-0.059964,-0.976326
2,-0.273481,-0.593473,-0.756966,-0.220356,0.206626,-0.953283,-0.184447,-0.088707,-0.978831,-0.558146,-0.190448,0.807591,-0.67185,-0.099969,0.73391
1,-0.486589,0.381826,-0.785774,-0.236838,0.170982,-0.956385,-0.037603,-0.066573,-0.997073,0.084404,-0.078199,-0.993358,0.085848,-0.198191,-0.976397
2,-0.517356,-0.524126,-0.676487,-0.360712,0.188564,-0.913417,-0.240335,-0.084088,-0.967041,-0.273082,0.111088,-0.955555,-0.729811,0.043634,0.682256
1,-0.464726,0.351154,-0.812847,-0.206467,0.327292,-0.922091,-0.063992,0.107454,-0.992148,0.025766,0.067217,-0.997406,0.031997,0.005073,-0.999475
1,-0.477605,0.556674,-0.679712,-0.144632,0.302667,-0.942059,-0.094948,0.038164,-0.99475,-0.083466,-0.138516,-0.986837,-0.164461,-0.26535,-0.950022
2,-0.300517,-0.590925,-0.748664,-0.175604,0.249667,-0.952276,-0.097421,-0.023779,-0.994959,-0.226777,-0.1195,0.966588,-0.43208,0.041232,0.900892
0,-0.384984,-0.248121,-0.888945,0.018771,-0.423231,0.905828,-0.058387,-0.302411,0.951388,-0.19929,-0.172895,0.964568,-0.297397,0.003244,0.954749
2,-0.38623,-0.485414,-0.784347,-0.278539,0.102611,-0.954928,-0.188023,-0.129473,-0.973593,-0.671708,-0.342212,0.657038,-0.820662,-0.103412,0.561978
2,-0.200273,-0.560935,-0.80327,-0.309184,0.324959,-0.89376,-0.031804,0.062927,-0.997511,-0.431802,-0.322829,0.842217,-0.578939,-0.139361,0.803373
0,-0.576249,-0.119226,-0.808531,-0.843301,-0.422111,0.332664,-0.074245,-0.294039,0.952906,-0.168093,-0.173592,0.970366,-0.206753,0.157923,0.965564
0,-0.162013,-0.3707,-0.914513,-0.341694,-0.835377,0.43057,-0.022403,-0.3735,0.92736,-0.178804,-0.304614,0.935542,-0.309785,-0.177464,0.934098
0,-0.020372,-0.37552,-0.92659,0.074299,-0.506161,0.859232,-0.090191,-0.434325,0.896229,-0.304147,-0.486711,0.818906,-0.475395,-0.360743,0.802412
0,-0.413525,-0.225293,-0.882179,-0.393043,-0.594832,0.701208,-0.495194,-0.378032,0.782224,-0.584362,-0.277407,0.762605,-0.663719,0.001793,0.74798
1,-0.60893,0.444178,-0.657199,-0.316738,0.240728,-0.917457,-0.164829,0.001719,-0.986321,-0.110131,-0.090603,-0.989779,-0.126064,-0.257685,-0.95797
1,-0.71612,0.321269,-0.619644,-0.261359,0.295375,-0.918937,-0.133839,0.069376,-0.988572,-0.041328,0.022541,-0.998891,-0.048598,-0.112201,-0.992496
2,-0.29705,-0.65235,-0.697281,-0.279443,0.303451,-0.91095,-0.162569,-0.012143,-0.986622,-0.244729,-0.135242,0.960113,-0.404461,0.065734,0.91219
0,-0.537383,0.059348,-0.841248,-0.193946,0.44442,-0.874572,-0.224236,-0.469308,0.854089,-0.280334,-0.337414,0.898646,-0.309402,-0.048333,0.949702
1,-0.566827,0.342874,-0.749096,-0.18267,0.369325,-0.91117,-0.102908,0.110942,-0.988485,-0.021355,-0.0491,-0.998565,-0.085403,-0.288935,-0.953532
2,-0.242482,-0.745905,-0.620346,-0.167432,-0.141873,-0.975622,-0.112276,-0.072865,0.991002,-0.250077,0.016991,0.968077,-0.398547,0.095513,0.912161
0,-0.659032,0.081027,-0.747738,-0.475763,-0.55847,0.67953,-0.530948,-0.359476,0.767379,-0.717998,-0.268594,0.642134,-0.820564,-0.102205,0.562342
2,-0.357973,-0.545512,-0.757807,-0.669109,-0.163477,-0.724961,-0.803121,-0.439182,0.402637,-0.328675,0.03226,-0.943892,-0.50402,-0.123378,0.854834
2,-0.573293,-0.467913,-0.672601,-0.828262,-0.453295,0.329401,-0.131151,-0.396672,0.908543,-0.388792,-0.103371,-0.915508,-0.285708,-0.080821,0.954902
1,-0.592893,0.325515,-0.736558,-0.313633,0.337209,-0.887651,-0.151146,0.133438,-0.979464,-0.092935,0.156479,-0.983299,-0.003121,0.02337,-0.999722
0,-0.665984,-0.026956,-0.745479,-0.861275,-0.428773,0.27269,-0.91666,-0.270841,0.293902,-0.926972,-0.187106,-0.325137,-0.951507,0.023611,-0.30672
1,-0.541797,0.222511,-0.810521,-0.317457,0.260422,-0.911812,-0.071916,0.080949,-0.99412,0.053052,0.030707,-0.99812,0.159181,-0.114891,-0.980541
0,-0.314416,-0.170135,-0.933915,-0.475819,-0.766625,0.431141,-0.596757,-0.618322,0.511428,-0.698777,-0.507282,0.504357,-0.851587,-0.281106,0.442469
2,-0.382815,-0.619136,-0.685655,-0.401979,0.332079,-0.853309,-0.262134,-0.011607,-0.964962,-0.202687,-0.114098,0.972574,-0.316245,-0.025487,0.948335
1,-0.534854,0.340355,-0.773362,-0.384438,0.298225,-0.873653,-0.151817,0.042157,-0.987509,-0.362065,-0.352656,-0.862869,-0.353559,-0.435705,-0.827742
2,-0.359586,-0.582354,-0.729083,-0.396788,0.276972,-0.875126,-0.277566,-0.012226,-0.960629,-0.52257,-0.321217,0.789772,-0.668281,-0.209307,0.713857
1,-0.633881,0.415324,-0.652458,-0.347269,0.23757,-0.907174,-0.131675,0.036169,-0.990633,-0.059961,-0.02049,-0.99799,-0.058887,-0.162832,-0.984895
2,-0.269682,-0.652852,-0.707853,-0.563545,0.136242,-0.814773,-0.384109,-0.102268,-0.917606,-0.784872,-0.279371,0.553107,-0.876876,-0.088414,0.472516
0,-0.531467,-0.091388,-0.842135,-0.381396,0.544101,-0.747322,-0.287347,-0.548954,0.784908,-0.314503,-0.41713,0.852696,-0.384405,-0.1126,0.916272
1,-0.692074,0.277953,-0.666166,-0.363919,0.272615,-0.890642,-0.168122,0.119452,-0.978502,-0.067141,0.041732,-0.99687,-0.07263,-0.127338,-0.989197
1,-0.708111,0.221921,-0.67032,-0.226614,0.221928,-0.948364,-0.115018,0.049253,-0.992142,-0.078414,-0.141627,-0.986809,-0.22361,-0.334965,-0.915313
1,-0.62491,0.082285,-0.776348,-0.271345,0.336879,-0.901601,-0.017326,0.216687,-0.976087,0.084258,0.204849,-0.97516,0.122733,0.036225,-0.991778
1,-0.589298,-0.017882,-0.807718,-0.257477,0.292723,-0.920879,-0.019715,0.170927,-0.985086,0.072224,0.1421,-0.987214,0.064753,-0.034278,-0.997312
1,-0.468283,-0.074145,-0.880462,-0.207306,0.312644,-0.926972,0.063025,0.201268,-0.977507,0.154559,0.19021,-0.969501,0.199695,0.069342,-0.977401
1,-0.552102,0.340826,-0.760934,-0.145778,0.368964,-0.91794,-0.084897,0.09694,-0.991663,-0.074062,-0.06575,-0.995084,-0.159422,-0.1366,-0.977714
1,-0.463588,0.51236,-0.722892,-0.104765,0.226309,-0.968405,-0.185058,0.038828,-0.98196,-0.171883,-0.079863,-0.981875,-0.409193,-0.087843,-0.90821
2,-0.216435,-0.564077,-0.796852,-0.250419,0.208683,-0.945379,-0.156767,-0.106344,-0.981894,-0.496267,-0.250128,0.831357,-0.592276,-0.070936,0.802607
1,-0.518408,0.2907,-0.804205,-0.311063,0.241994,-0.919064,-0.113823,0.070278,-0.991012,-0.376475,-0.290695,-0.879638,-0.398418,-0.29945,-0.866945
2,-0.264303,-0.527484,-0.807406,-0.18289,0.210766,-0.960275,-0.658704,-0.2718,-0.701593,-0.285018,0.066095,-0.956241,-0.770617,-0.362265,0.524322
1,-0.583006,0.350513,-0.73297,-0.110402,0.401276,-0.909279,0.010329,0.182469,-0.983157,0.041361,0.09041,-0.995045,0.057494,-0.073526,-0.995635
2,-0.247571,-0.588402,-0.769735,-0.216451,0.213544,-0.952653,-0.087864,-0.070424,-0.99364,-0.370963,-0.244237,0.895955,-0.557156,-0.121888,0.821414
2,-0.554868,-0.264841,-0.788658,-0.243395,0.188222,-0.951489,-0.249872,-0.133292,-0.959061,-0.537053,-0.107766,0.836636,-0.621472,0.027671,0.782948
0,-0.629575,0.266386,-0.729845,-0.639227,-0.095216,-0.7631,-0.593414,-0.295195,0.748812,-0.633595,-0.188136,0.750441,-0.744418,-0.018381,0.667461
1,-0.393499,0.279374,-0.875848,-0.299455,0.196689,-0.933617,-0.07881,0.122693,-0.989311,-0.0201,0.164338,-0.986199,0.126797,0.012111,-0.991855
2,-0.253779,-0.493778,-0.831733,-0.278637,0.248229,-0.927763,-0.102711,0.009864,-0.994662,-0.438257,-0.382338,0.813479,-0.602725,-0.294724,0.741526
0,-0.442668,0.11025,-0.889882,-0.436464,-0.578156,0.689373,-0.276484,-0.405547,0.871257,-0.353757,-0.252469,0.90062,-0.406457,0.045419,0.91254
2,-0.180447,-0.724314,-0.665438,-0.307841,0.220944,-0.925428,-0.143031,-0.117268,-0.982746,-0.24249,-0.078525,0.966971,-0.37899,-0.000012,0.925401
0,-0.359909,-0.333552,-0.871325,-0.039379,-0.438385,0.897924,-0.090715,-0.298424,0.950113,-0.220028,-0.171564,0.960288,-0.324051,-0.039143,0.945229
2,-0.241553,-0.706354,-0.665369,-0.208566,0.218494,-0.953289,-0.100976,-0.151884,-0.983227,-0.120494,-0.019125,0.99253,-0.222559,-0.017623,0.97476
0,-0.673574,0.329218,-0.661751,-0.471463,0.436258,-0.766421,-0.498179,0.310794,-0.80946,-0.657026,-0.257455,0.708543,-0.668884,-0.120551,0.733527
1,-0.494204,0.215023,-0.842335,-0.27914,0.222412,-0.934138,-0.105176,0.104948,-0.9889,-0.024719,0.066241,-0.997497,0.12512,-0.068551,-0.989771
0,-0.291678,-0.08435,-0.95279,-0.545408,-0.687289,0.479753,-0.924029,-0.226926,-0.307694,-0.807437,-0.406559,0.427499,-0.891306,-0.131891,0.433795
2,-0.34611,-0.5662,-0.748081,0.02485,-0.645351,0.763482,-0.333901,0.339458,-0.879362,-0.170784,0.058647,-0.983562,-0.131684,-0.111716,0.984977
0,-0.432204,-0.045415,-0.900632,-0.436997,0.295477,-0.849545,-0.3741,-0.469595,0.799706,-0.406518,-0.361137,0.83924,-0.493649,-0.02598,0.869273
2,-0.276093,-0.65348,-0.704795,-0.355847,0.109378,-0.928121,-0.016468,-0.368034,0.929667,-0.2677,0.088043,-0.959471,-0.436043,-0.06363,0.897674
0,-0.297648,-0.184428,-0.936692,-0.47898,-0.846795,0.231335,-0.48507,-0.690851,0.536127,-0.623687,-0.635287,0.455439,-0.777739,-0.456893,0.431706
2,-0.28791,-0.693398,-0.660535,-0.285653,0.249741,-0.92522,-0.294381,-0.108104,-0.949554,-0.536958,-0.117593,0.835373,-0.647865,0.005525,0.761735
1,-0.596024,0.292552,-0.747776,-0.332665,0.272701,-0.902756,-0.12851,0.098847,-0.98677,-0.061235,0.106863,-0.992386,0.025825,-0.020594,-0.999454
0,-0.528014,-0.096456,-0.84374,-0.85588,-0.424448,0.295487,-0.789949,-0.266112,0.552417,-0.862363,-0.124522,0.490738,-0.897007,0.043622,0.439859
0,-0.440984,-0.305994,-0.843742,-0.436932,-0.600106,0.670047,-0.540253,-0.399975,0.740369,-0.678255,-0.27483,0.681497,-0.7534,-0.161184,0.637502
2,-0.403685,-0.588123,-0.70082,-0.367442,0.121959,-0.922015,-0.257659,-0.2139,-0.942263,-0.25991,-0.069017,0.963163,-0.368218,0.020529,0.929513
1,-0.505571,0.348742,-0.789162,-0.311708,0.277494,-0.908755,-0.122776,0.021278,-0.992206,-0.373599,-0.333145,-0.865701,-0.372217,-0.38642,-0.84388
1,-0.533379,0.113125,-0.838278,-0.201739,0.326995,-0.923242,0.039348,0.190813,-0.980837,0.100928,0.210733,-0.97232,0.211851,0.104793,-0.971667
1,-0.547113,0.179147,-0.817663,-0.102637,0.397282,-0.911939,0.027531,0.165472,-0.98583,0.051378,-0.013316,-0.998591,-0.217532,-0.266356,-0.939007
2,-0.362993,-0.599508,-0.713321,-0.171581,0.238969,-0.955748,-0.05763,-0.015393,-0.998219,-0.24574,-0.168522,0.954574,-0.447862,0.019596,0.893888
2,-0.503439,-0.435292,-0.746371,-0.211612,0.050937,-0.976026,-0.174116,-0.063499,-0.982676,-0.216819,-0.130729,0.967419,-0.425584,0.078284,0.901527
2,-0.60791,-0.443108,-0.658863,-0.279154,0.044356,-0.959221,-0.316713,-0.177221,-0.931818,-0.046505,0.054976,0.997404,-0.197512,0.215471,0.956327
0,-0.650096,-0.161896,-0.742405,-0.437315,-0.433084,0.788158,-0.516941,-0.28971,0.805506,-0.602118,-0.141828,0.785709,-0.707407,0.068497,0.703479
1,-0.668433,0.141675,-0.730154,-0.347331,0.293404,-0.89066,-0.166094,0.145844,-0.975265,-0.058013,0.105534,-0.992722,-0.021505,-0.104194,-0.994325
2,-0.371469,-0.548512,-0.749097,-0.265816,0.331156,-0.90536,-0.12366,0.06774,-0.99001,-0.393411,-0.31501,0.863711,-0.595398,-0.172551,0.784683
